작품명,검색키워드,video_id,영상제목,채널명,업로드일,조회수,좋아요수,댓글수,영상URL,댓글작성자,댓글내용,댓글좋아요수,댓글작성일,긍정,부정
국가권력급 상속자가 돌아왔다,국가권력급 상속자가 돌아왔다,-YZcSqqOvnY,식물인간이 된 재벌 상속자 [국가권력급 상속자가 돌아왔다] Ep.1-6,숏드라마는 비글루 (Vigloo),2026-02-26T08:57:14Z,28498,152,9,https://www.youtube.com/watch?v=-YZcSqqOvnY,@그렇지만-n3t,난 이런류가 가장 잼있어 !!! 시원 하다 ~,0.0,2026-03-26T02:14:21Z,False,False
국가권력급 상속자가 돌아왔다,국가권력급 상속자가 돌아왔다,-YZcSqqOvnY,식물인간이 된 재벌 상속자 [국가권력급 상속자가 돌아왔다] Ep.1-6,숏드라마는 비글루 (Vigloo),2026-02-26T08:57:14Z,28498,152,9,https://www.youtube.com/watch?v=-YZcSqqOvnY,@on_not_on,남주 이름이 뭐임? 아무리 기억하려고 노력해봐도 기억이 안나네….,0.0,2026-03-19T19:17:25Z,False,False
국가권력급 상속자가 돌아왔다,국가권력급 상속자가 돌아왔다,-YZcSqqOvnY,식물인간이 된 재벌 상속자 [국가권력급 상속자가 돌아왔다] Ep.1-6,숏드라마는 비글루 (Vigloo),2026-02-26T08:57:14Z,28498,152,9,https://www.youtube.com/watch?v=-YZcSqqOvnY,@서민욱-w2y,연기도 발연기 지린다...,0.0,2026-03-14T15:16:32Z,False,False
국가권력급 상속자가 돌아왔다,국가권력급 상속자가 돌아왔다,-YZcSqqOvnY,식물인간이 된 재벌 상속자 [국가권력급 상속자가 돌아왔다] Ep.1-6,숏드라마는 비글루 (Vigloo),2026-02-26T08:57:14Z,28498,152,9,https://www.youtube.com/watch?v=-YZcSqqOvnY,@ding-dong9159,ㅅ ㅂ 청진기를 옷위에다 대냐. 뭐 이따위 연출이 있어,0.0,2026-03-12T06:44:44Z,False,False
국가권력급 상속자가 돌아왔다,국가권력급 상속자가 돌아왔다,-YZcSqqOvnY,식물인간이 된 재벌 상속자 [국가권력급 상속자가 돌아왔다] Ep.1-6,숏드라마는 비글루 (Vigloo),2026-02-26T08:57:14Z,28498,152,9,https://www.youtube.com/watch?v=-YZcSqqOvnY,@10kkiman-s,저 아줌마 뭐임 차력거인임??,0.0,2026-03-09T11:31:59Z,False,False
국가권력급 상속자가 돌아왔다,국가권력급 상속자가 돌아왔다,-YZcSqqOvnY,식물인간이 된 재벌 상속자 [국가권력급 상속자가 돌아왔다] Ep.1-6,숏드라마는 비글루 (Vigloo),2026-02-26T08:57:14Z,28498,152,9,https://www.youtube.com/watch?v=-YZcSqqOvnY,@민우-l7c,진짜 이딴 쓰레기 드라마는 누가 만드는 거냐,0.0,2026-03-07T14:48:19Z,False,False
국가권력급 상속자가 돌아왔다,국가권력급 상속자가 돌아왔다,-YZcSqqOvnY,식물인간이 된 재벌 상속자 [국가권력급 상속자가 돌아왔다] Ep.1-6,숏드라마는 비글루 (Vigloo),2026-02-26T08:57:14Z,28498,152,9,https://www.youtube.com/watch?v=-YZcSqqOvnY,@여유로-l5z,재사상은 큰집에서 지네야지,1.0,2026-03-06T00:46:15Z,False,False
국가권력급 상속자가 돌아왔다,국가권력급 상속자가 돌아왔다,-YZcSqqOvnY,식물인간이 된 재벌 상속자 [국가권력급 상속자가 돌아왔다] Ep.1-6,숏드라마는 비글루 (Vigloo),2026-02-26T08:57:14Z,28498,152,9,https://www.youtube.com/watch?v=-YZcSqqOvnY,@박재민-k2k,재밌닼ㅋㅋ,0.0,2026-02-28T07:57:19Z,True,False
국가권력급 상속자가 돌아왔다,국가권력급 상속자가 돌아왔다,Y1gXXF5ToB0,3년 만에 눈을 뜬 재벌 후계자 [국가권력급 상속자가 돌아왔다] Ep.7-11,숏드라마는 비글루 (Vigloo),2026-02-26T08:02:41Z,59699,533,18,https://www.youtube.com/watch?v=Y1gXXF5ToB0,@ViglooKorea,"[국가권력급 상속자가 돌아왔다] 
🩵비글루에서 무료 에피소드 시청하기🩵
https://vigloo.onelink.me/SrIM/Returnofheir",2.0,2026-03-09T08:47:18Z,False,False
국가권력급 상속자가 돌아왔다,국가권력급 상속자가 돌아왔다,Y1gXXF5ToB0,3년 만에 눈을 뜬 재벌 후계자 [국가권력급 상속자가 돌아왔다] Ep.7-11,숏드라마는 비글루 (Vigloo),2026-02-26T08:02:41Z,59699,533,18,https://www.youtube.com/watch?v=Y1gXXF5ToB0,@김유라-x5n,잼잇어요❤,0.0,2026-03-21T05:01:42Z,False,False
국가권력급 상속자가 돌아왔다,국가권력급 상속자가 돌아왔다,Y1gXXF5ToB0,3년 만에 눈을 뜬 재벌 후계자 [국가권력급 상속자가 돌아왔다] Ep.7-11,숏드라마는 비글루 (Vigloo),2026-02-26T08:02:41Z,59699,533,18,https://www.youtube.com/watch?v=Y1gXXF5ToB0,@오마이갓-z4p,중국 드라마 징글징글하다,0.0,2026-03-19T21:40:03Z,False,False
국가권력급 상속자가 돌아왔다,국가권력급 상속자가 돌아왔다,Y1gXXF5ToB0,3년 만에 눈을 뜬 재벌 후계자 [국가권력급 상속자가 돌아왔다] Ep.7-11,숏드라마는 비글루 (Vigloo),2026-02-26T08:02:41Z,59699,533,18,https://www.youtube.com/watch?v=Y1gXXF5ToB0,@종락김-h6z,중국사람이구먼,0.0,2026-03-13T07:41:55Z,False,False
국가권력급 상속자가 돌아왔다,국가권력급 상속자가 돌아왔다,Y1gXXF5ToB0,3년 만에 눈을 뜬 재벌 후계자 [국가권력급 상속자가 돌아왔다] Ep.7-11,숏드라마는 비글루 (Vigloo),2026-02-26T08:02:41Z,59699,533,18,https://www.youtube.com/watch?v=Y1gXXF5ToB0,@박영미-v7k4x,빨리 보고싶요❤,1.0,2026-03-11T23:33:09Z,False,False
국가권력급 상속자가 돌아왔다,국가권력급 상속자가 돌아왔다,Y1gXXF5ToB0,3년 만에 눈을 뜬 재벌 후계자 [국가권력급 상속자가 돌아왔다] Ep.7-11,숏드라마는 비글루 (Vigloo),2026-02-26T08:02:41Z,59699,533,18,https://www.youtube.com/watch?v=Y1gXXF5ToB0,@kahn999,ㅋㅋ 그래도 중공꺼보다는 훨 낫구먼!,1.0,2026-03-11T09:16:46Z,False,False
국가권력급 상속자가 돌아왔다,국가권력급 상속자가 돌아왔다,Y1gXXF5ToB0,3년 만에 눈을 뜬 재벌 후계자 [국가권력급 상속자가 돌아왔다] Ep.7-11,숏드라마는 비글루 (Vigloo),2026-02-26T08:02:41Z,59699,533,18,https://www.youtube.com/watch?v=Y1gXXF5ToB0,@MichaelKim-r6e,중국ㅋ뽕 ㅋㅋㅋㅋㅋㅋㅋㅋㅋㅋ,2.0,2026-03-09T08:29:36Z,False,False
국가권력급 상속자가 돌아왔다,국가권력급 상속자가 돌아왔다,Y1gXXF5ToB0,3년 만에 눈을 뜬 재벌 후계자 [국가권력급 상속자가 돌아왔다] Ep.7-11,숏드라마는 비글루 (Vigloo),2026-02-26T08:02:41Z,59699,533,18,https://www.youtube.com/watch?v=Y1gXXF5ToB0,@김수자-t2o,😅,0.0,2026-03-09T04:11:46Z,False,False
국가권력급 상속자가 돌아왔다,국가권력급 상속자가 돌아왔다,Y1gXXF5ToB0,3년 만에 눈을 뜬 재벌 후계자 [국가권력급 상속자가 돌아왔다] Ep.7-11,숏드라마는 비글루 (Vigloo),2026-02-26T08:02:41Z,59699,533,18,https://www.youtube.com/watch?v=Y1gXXF5ToB0,@김연희-p4h,그래도 재미 있네요,0.0,2026-03-09T01:17:40Z,False,False
국가권력급 상속자가 돌아왔다,국가권력급 상속자가 돌아왔다,Y1gXXF5ToB0,3년 만에 눈을 뜬 재벌 후계자 [국가권력급 상속자가 돌아왔다] Ep.7-11,숏드라마는 비글루 (Vigloo),2026-02-26T08:02:41Z,59699,533,18,https://www.youtube.com/watch?v=Y1gXXF5ToB0,@소라지송어달,이런내용은 중국드라마에서 많이 나오는데 저건 우리나라야 중국배우야?,3.0,2026-03-06T04:18:35Z,False,False
국가권력급 상속자가 돌아왔다,국가권력급 상속자가 돌아왔다,zimg8ScLn94,날 뛰는 폐급 빌런! 정신 번쩍들게 하는 상사의 싸대기,숏드라마는 비글루 (Vigloo),2026-03-09T00:17:03Z,786933,11372,81,https://www.youtube.com/watch?v=zimg8ScLn94,@ViglooKorea,"[국가권력급 상속자가 돌아왔다]
🩵비글루에서 무료 에피소드 시청하기🩵
https://vigloo.onelink.me/SrIM/Returnofheir",16.0,2026-03-09T01:18:07Z,False,False
국가권력급 상속자가 돌아왔다,국가권력급 상속자가 돌아왔다,zimg8ScLn94,날 뛰는 폐급 빌런! 정신 번쩍들게 하는 상사의 싸대기,숏드라마는 비글루 (Vigloo),2026-03-09T00:17:03Z,786933,11372,81,https://www.youtube.com/watch?v=zimg8ScLn94,@페이페-n6c,중국 저질자본 돈 받고 이런 드라마 만들고 싶냐. 절대 불매해라,0.0,2026-04-30T18:08:58Z,False,False
국가권력급 상속자가 돌아왔다,국가권력급 상속자가 돌아왔다,zimg8ScLn94,날 뛰는 폐급 빌런! 정신 번쩍들게 하는 상사의 싸대기,숏드라마는 비글루 (Vigloo),2026-03-09T00:17:03Z,786933,11372,81,https://www.youtube.com/watch?v=zimg8ScLn94,@헿힣핫,중국 드라마임?,0.0,2026-04-26T22:11:57Z,False,False
국가권력급 상속자가 돌아왔다,국가권력급 상속자가 돌아왔다,zimg8ScLn94,날 뛰는 폐급 빌런! 정신 번쩍들게 하는 상사의 싸대기,숏드라마는 비글루 (Vigloo),2026-03-09T00:17:03Z,786933,11372,81,https://www.youtube.com/watch?v=zimg8ScLn94,@harryy5353,이건. 뭐야? 쓰레기 저질!  드라마냐? 욕나오네,0.0,2026-04-17T06:32:57Z,False,False
국가권력급 상속자가 돌아왔다,국가권력급 상속자가 돌아왔다,zimg8ScLn94,날 뛰는 폐급 빌런! 정신 번쩍들게 하는 상사의 싸대기,숏드라마는 비글루 (Vigloo),2026-03-09T00:17:03Z,786933,11372,81,https://www.youtube.com/watch?v=zimg8ScLn94,@경미이-j8i,넌  뒤졌어,0.0,2026-04-12T13:54:42Z,False,False
국가권력급 상속자가 돌아왔다,국가권력급 상속자가 돌아왔다,zimg8ScLn94,날 뛰는 폐급 빌런! 정신 번쩍들게 하는 상사의 싸대기,숏드라마는 비글루 (Vigloo),2026-03-09T00:17:03Z,786933,11372,81,https://www.youtube.com/watch?v=zimg8ScLn94,@정옥선-z5g,어떻게 연기가...중국숏드보다 더 못하냐?제발 이러지마라...;;;,0.0,2026-04-08T08:18:37Z,False,False
국가권력급 상속자가 돌아왔다,국가권력급 상속자가 돌아왔다,zimg8ScLn94,날 뛰는 폐급 빌런! 정신 번쩍들게 하는 상사의 싸대기,숏드라마는 비글루 (Vigloo),2026-03-09T00:17:03Z,786933,11372,81,https://www.youtube.com/watch?v=zimg8ScLn94,@Rock-jq2vk,What the f***...,0.0,2026-04-06T19:40:29Z,False,False
국가권력급 상속자가 돌아왔다,국가권력급 상속자가 돌아왔다,zimg8ScLn94,날 뛰는 폐급 빌런! 정신 번쩍들게 하는 상사의 싸대기,숏드라마는 비글루 (Vigloo),2026-03-09T00:17:03Z,786933,11372,81,https://www.youtube.com/watch?v=zimg8ScLn94,@김영철-i4b,중국드라마 맞죠,0.0,2026-04-04T12:29:14Z,False,False
국가권력급 상속자가 돌아왔다,국가권력급 상속자가 돌아왔다,zimg8ScLn94,날 뛰는 폐급 빌런! 정신 번쩍들게 하는 상사의 싸대기,숏드라마는 비글루 (Vigloo),2026-03-09T00:17:03Z,786933,11372,81,https://www.youtube.com/watch?v=zimg8ScLn94,@SeungkiLee-iq3jd,유치하게 흘러가는게 꼭 중국드라마같네,0.0,2026-03-30T16:31:56Z,False,False
국가권력급 상속자가 돌아왔다,국가권력급 상속자가 돌아왔다,zimg8ScLn94,날 뛰는 폐급 빌런! 정신 번쩍들게 하는 상사의 싸대기,숏드라마는 비글루 (Vigloo),2026-03-09T00:17:03Z,786933,11372,81,https://www.youtube.com/watch?v=zimg8ScLn94,@天地人-k9u,참. 어설퍼,0.0,2026-03-29T11:05:09Z,False,False
국가권력급 상속자가 돌아왔다,국가권력급 상속자가 돌아왔다,OYevmEXAjLU,회장 아들에게 나댄 허세남 참교육 싸대기,숏드라마는 비글루 (Vigloo),2026-03-05T07:58:12Z,484656,5791,21,https://www.youtube.com/watch?v=OYevmEXAjLU,@ViglooKorea,"[국가권력급 상속자가 돌아왔다]
🩵비글루에서 무료 에피소드 시청하기🩵
https://vigloo.onelink.me/SrIM/Returnofheir",7.0,2026-03-05T09:05:03Z,False,False
국가권력급 상속자가 돌아왔다,국가권력급 상속자가 돌아왔다,OYevmEXAjLU,회장 아들에게 나댄 허세남 참교육 싸대기,숏드라마는 비글루 (Vigloo),2026-03-05T07:58:12Z,484656,5791,21,https://www.youtube.com/watch?v=OYevmEXAjLU,@이재홍-j3d,여자친처들이 가족이라고 인성이 썩어서 참교육 잘한겁니다,0.0,2026-04-04T21:11:55Z,False,False
국가권력급 상속자가 돌아왔다,국가권력급 상속자가 돌아왔다,OYevmEXAjLU,회장 아들에게 나댄 허세남 참교육 싸대기,숏드라마는 비글루 (Vigloo),2026-03-05T07:58:12Z,484656,5791,21,https://www.youtube.com/watch?v=OYevmEXAjLU,@김현아-c3s2f,다음편,0.0,2026-03-31T11:17:14Z,False,False
국가권력급 상속자가 돌아왔다,국가권력급 상속자가 돌아왔다,OYevmEXAjLU,회장 아들에게 나댄 허세남 참교육 싸대기,숏드라마는 비글루 (Vigloo),2026-03-05T07:58:12Z,484656,5791,21,https://www.youtube.com/watch?v=OYevmEXAjLU,@동범김-b8x,즉결 처분......,0.0,2026-03-27T06:01:13Z,False,False
국가권력급 상속자가 돌아왔다,국가권력급 상속자가 돌아왔다,OYevmEXAjLU,회장 아들에게 나댄 허세남 참교육 싸대기,숏드라마는 비글루 (Vigloo),2026-03-05T07:58:12Z,484656,5791,21,https://www.youtube.com/watch?v=OYevmEXAjLU,@백부명-o4y,다음편,1.0,2026-03-20T11:38:46Z,False,False
국가권력급 상속자가 돌아왔다,국가권력급 상속자가 돌아왔다,OYevmEXAjLU,회장 아들에게 나댄 허세남 참교육 싸대기,숏드라마는 비글루 (Vigloo),2026-03-05T07:58:12Z,484656,5791,21,https://www.youtube.com/watch?v=OYevmEXAjLU,@on_not_on,남자 배우 이름을 알려주세요🙏🏼,0.0,2026-03-19T19:21:09Z,False,False
국가권력급 상속자가 돌아왔다,국가권력급 상속자가 돌아왔다,OYevmEXAjLU,회장 아들에게 나댄 허세남 참교육 싸대기,숏드라마는 비글루 (Vigloo),2026-03-05T07:58:12Z,484656,5791,21,https://www.youtube.com/watch?v=OYevmEXAjLU,@정영숙-q9n,제벌.천한짖안해,0.0,2026-03-18T09:16:38Z,False,False
국가권력급 상속자가 돌아왔다,국가권력급 상속자가 돌아왔다,OYevmEXAjLU,회장 아들에게 나댄 허세남 참교육 싸대기,숏드라마는 비글루 (Vigloo),2026-03-05T07:58:12Z,484656,5791,21,https://www.youtube.com/watch?v=OYevmEXAjLU,@kisoobae2374,"포인트로 보고 있는데,,   다썻어. 아씌",0.0,2026-03-16T18:45:05Z,False,False
국가권력급 상속자가 돌아왔다,국가권력급 상속자가 돌아왔다,OYevmEXAjLU,회장 아들에게 나댄 허세남 참교육 싸대기,숏드라마는 비글루 (Vigloo),2026-03-05T07:58:12Z,484656,5791,21,https://www.youtube.com/watch?v=OYevmEXAjLU,@이옥천-n9p,동,0.0,2026-03-12T00:38:03Z,False,False
국가권력급 상속자가 돌아왔다,국가권력급 상속자가 돌아왔다,OYevmEXAjLU,회장 아들에게 나댄 허세남 참교육 싸대기,숏드라마는 비글루 (Vigloo),2026-03-05T07:58:12Z,484656,5791,21,https://www.youtube.com/watch?v=OYevmEXAjLU,@유명심-m3p,조아요,0.0,2026-03-11T13:47:34Z,False,False
국가권력급 상속자가 돌아왔다,국가권력급 상속자가 돌아왔다,nim00qdqCTU,내 아들 건들면 다 죽는거야! 국방부장관의 극대노,숏드라마는 비글루 (Vigloo),2026-03-03T08:55:03Z,87602,1090,8,https://www.youtube.com/watch?v=nim00qdqCTU,@ViglooKorea,"[국가권력급 상속자가 돌아왔다] 
🩵비글루에서 무료 에피소드 시청하기🩵
https://vigloo.onelink.me/SrIM/Returnofheir",0.0,2026-03-03T10:28:34Z,False,False
국가권력급 상속자가 돌아왔다,국가권력급 상속자가 돌아왔다,nim00qdqCTU,내 아들 건들면 다 죽는거야! 국방부장관의 극대노,숏드라마는 비글루 (Vigloo),2026-03-03T08:55:03Z,87602,1090,8,https://www.youtube.com/watch?v=nim00qdqCTU,@멋진의견에멋진표정,곽범님 닮으심,0.0,2026-04-11T03:11:52Z,False,False
국가권력급 상속자가 돌아왔다,국가권력급 상속자가 돌아왔다,nim00qdqCTU,내 아들 건들면 다 죽는거야! 국방부장관의 극대노,숏드라마는 비글루 (Vigloo),2026-03-03T08:55:03Z,87602,1090,8,https://www.youtube.com/watch?v=nim00qdqCTU,@김수열-q3g,다음화,0.0,2026-03-10T01:24:34Z,False,False
국가권력급 상속자가 돌아왔다,국가권력급 상속자가 돌아왔다,nim00qdqCTU,내 아들 건들면 다 죽는거야! 국방부장관의 극대노,숏드라마는 비글루 (Vigloo),2026-03-03T08:55:03Z,87602,1090,8,https://www.youtube.com/watch?v=nim00qdqCTU,@백승원-p4q,지미 장관이라고 대통령제가없이 진돗개 하나 발령한다고 ...저것도 윤씨옆에 같이 살겠구먼....ㅊㅊㅊ,0.0,2026-03-09T02:52:58Z,False,False
국가권력급 상속자가 돌아왔다,국가권력급 상속자가 돌아왔다,nim00qdqCTU,내 아들 건들면 다 죽는거야! 국방부장관의 극대노,숏드라마는 비글루 (Vigloo),2026-03-03T08:55:03Z,87602,1090,8,https://www.youtube.com/watch?v=nim00qdqCTU,@Bongseogo,아무리 숏츠 드라마라지만 아들 맞았다고 병력을 투입한다 ㅋㅋ 진짜 병맛이긴한데 뭔가 재미는 있을거 같네 ㅋㅋ,0.0,2026-03-05T16:09:02Z,False,False
국가권력급 상속자가 돌아왔다,국가권력급 상속자가 돌아왔다,nim00qdqCTU,내 아들 건들면 다 죽는거야! 국방부장관의 극대노,숏드라마는 비글루 (Vigloo),2026-03-03T08:55:03Z,87602,1090,8,https://www.youtube.com/watch?v=nim00qdqCTU,@jhkim4150,병맛인데 중독됨,0.0,2026-03-03T11:24:44Z,False,False
국가권력급 상속자가 돌아왔다,국가권력급 상속자가 돌아왔다,nim00qdqCTU,내 아들 건들면 다 죽는거야! 국방부장관의 극대노,숏드라마는 비글루 (Vigloo),2026-03-03T08:55:03Z,87602,1090,8,https://www.youtube.com/watch?v=nim00qdqCTU,@lsh800703,"이게 뭐야, 요즘 태무 광고도 그렇코 게임광고며, 이 중국냄세 풀풀나는 연출은? 그래야 돈이 되는가 비다",1.0,2026-03-03T09:07:02Z,False,False
국가권력급 상속자가 돌아왔다,국가권력급 상속자가 돌아왔다,HoTtsYbKILY,아들 괴롭힌 인간들 처단하는 재벌 사모,숏드라마는 비글루 (Vigloo),2026-03-11T08:20:09Z,470747,6221,11,https://www.youtube.com/watch?v=HoTtsYbKILY,@ViglooKorea,"[국가권력급 상속자가 돌아왔다] 
🩵비글루에서 무료 에피소드 시청하기🩵
https://vigloo.onelink.me/SrIM/Returnofheir",10.0,2026-03-11T08:55:53Z,False,False
국가권력급 상속자가 돌아왔다,국가권력급 상속자가 돌아왔다,HoTtsYbKILY,아들 괴롭힌 인간들 처단하는 재벌 사모,숏드라마는 비글루 (Vigloo),2026-03-11T08:20:09Z,470747,6221,11,https://www.youtube.com/watch?v=HoTtsYbKILY,@오마이갓-z4p,각본이  중국 스타일,0.0,2026-03-19T21:38:13Z,False,False
국가권력급 상속자가 돌아왔다,국가권력급 상속자가 돌아왔다,HoTtsYbKILY,아들 괴롭힌 인간들 처단하는 재벌 사모,숏드라마는 비글루 (Vigloo),2026-03-11T08:20:09Z,470747,6221,11,https://www.youtube.com/watch?v=HoTtsYbKILY,@김남훈-k6i,다음편 좋아요,2.0,2026-03-16T08:01:51Z,True,False
국가권력급 상속자가 돌아왔다,국가권력급 상속자가 돌아왔다,HoTtsYbKILY,아들 괴롭힌 인간들 처단하는 재벌 사모,숏드라마는 비글루 (Vigloo),2026-03-11T08:20:09Z,470747,6221,11,https://www.youtube.com/watch?v=HoTtsYbKILY,@forever4770,"장관 와이프가 장병에게 손찌검을?
저런 나라는 비리가 엄청많겠네
국방장관 바로 해임하고 저 장관와이프는 채포해서 감방에 쳐 넣어야지, 
그래야 나라가 살지..",9.0,2026-03-14T02:22:38Z,False,False
국가권력급 상속자가 돌아왔다,국가권력급 상속자가 돌아왔다,HoTtsYbKILY,아들 괴롭힌 인간들 처단하는 재벌 사모,숏드라마는 비글루 (Vigloo),2026-03-11T08:20:09Z,470747,6221,11,https://www.youtube.com/watch?v=HoTtsYbKILY,@희은-t3b,🤗,3.0,2026-03-14T02:22:02Z,False,False
국가권력급 상속자가 돌아왔다,국가권력급 상속자가 돌아왔다,HoTtsYbKILY,아들 괴롭힌 인간들 처단하는 재벌 사모,숏드라마는 비글루 (Vigloo),2026-03-11T08:20:09Z,470747,6221,11,https://www.youtube.com/watch?v=HoTtsYbKILY,@이재연-x9g,다음화,2.0,2026-03-13T23:13:28Z,False,False
국가권력급 상속자가 돌아왔다,국가권력급 상속자가 돌아왔다,HoTtsYbKILY,아들 괴롭힌 인간들 처단하는 재벌 사모,숏드라마는 비글루 (Vigloo),2026-03-11T08:20:09Z,470747,6221,11,https://www.youtube.com/watch?v=HoTtsYbKILY,@하하하-d3y-o2v,다음편 있나요,7.0,2026-03-13T05:04:15Z,False,False
국가권력급 상속자가 돌아왔다,국가권력급 상속자가 돌아왔다,HoTtsYbKILY,아들 괴롭힌 인간들 처단하는 재벌 사모,숏드라마는 비글루 (Vigloo),2026-03-11T08:20:09Z,470747,6221,11,https://www.youtube.com/watch?v=HoTtsYbKILY,@nari9599,명령 따르는 장병을 함부로 때리다니,10.0,2026-03-13T01:27:28Z,False,False
국가권력급 상속자가 돌아왔다,국가권력급 상속자가 돌아왔다,HoTtsYbKILY,아들 괴롭힌 인간들 처단하는 재벌 사모,숏드라마는 비글루 (Vigloo),2026-03-11T08:20:09Z,470747,6221,11,https://www.youtube.com/watch?v=HoTtsYbKILY,@진실짱-j2y,혹시 다음편도 있나요?,10.0,2026-03-13T00:28:45Z,False,False
국가권력급 상속자가 돌아왔다,국가권력급 상속자가 돌아왔다,HoTtsYbKILY,아들 괴롭힌 인간들 처단하는 재벌 사모,숏드라마는 비글루 (Vigloo),2026-03-11T08:20:09Z,470747,6221,11,https://www.youtube.com/watch?v=HoTtsYbKILY,@엄현정-k7y,다음화는없나요?,5.0,2026-03-12T11:16:20Z,False,False
닿을 수 있는 그녀,닿을 수 있는 그녀,fWrpSLt7s_A,방송으로 생중계된 악몽같은 상황 [닿을 수 있는 그녀],숏드라마는 비글루 (Vigloo),2026-03-31T11:15:45Z,23589,80,6,https://www.youtube.com/watch?v=fWrpSLt7s_A,@손혜현-j9c,오현경 옥치미 첫번째 남자 아이 열 수,0.0,2026-05-05T02:47:07Z,False,False
닿을 수 있는 그녀,닿을 수 있는 그녀,fWrpSLt7s_A,방송으로 생중계된 악몽같은 상황 [닿을 수 있는 그녀],숏드라마는 비글루 (Vigloo),2026-03-31T11:15:45Z,23589,80,6,https://www.youtube.com/watch?v=fWrpSLt7s_A,@손혜현-j9c,오현경 옥치미 첫번째 사진 잘 안,0.0,2026-04-24T01:07:22Z,False,False
닿을 수 있는 그녀,닿을 수 있는 그녀,fWrpSLt7s_A,방송으로 생중계된 악몽같은 상황 [닿을 수 있는 그녀],숏드라마는 비글루 (Vigloo),2026-03-31T11:15:45Z,23589,80,6,https://www.youtube.com/watch?v=fWrpSLt7s_A,@손혜현-j9c,오현경 옥치미 첫번째 남자 친구 만나러,0.0,2026-04-22T04:38:32Z,False,False
닿을 수 있는 그녀,닿을 수 있는 그녀,fWrpSLt7s_A,방송으로 생중계된 악몽같은 상황 [닿을 수 있는 그녀],숏드라마는 비글루 (Vigloo),2026-03-31T11:15:45Z,23589,80,6,https://www.youtube.com/watch?v=fWrpSLt7s_A,@손혜현-j9c,엄지원 엄마 치매 욱 쉬는 날 때,0.0,2026-04-20T22:14:58Z,False,False
닿을 수 있는 그녀,닿을 수 있는 그녀,fWrpSLt7s_A,방송으로 생중계된 악몽같은 상황 [닿을 수 있는 그녀],숏드라마는 비글루 (Vigloo),2026-03-31T11:15:45Z,23589,80,6,https://www.youtube.com/watch?v=fWrpSLt7s_A,@me11ow.333,하예은 최고 ❤,1.0,2026-04-12T12:25:19Z,False,False
닿을 수 있는 그녀,닿을 수 있는 그녀,fWrpSLt7s_A,방송으로 생중계된 악몽같은 상황 [닿을 수 있는 그녀],숏드라마는 비글루 (Vigloo),2026-03-31T11:15:45Z,23589,80,6,https://www.youtube.com/watch?v=fWrpSLt7s_A,@gamum98,다음편 ㅠㅠ,0.0,2026-04-04T01:51:31Z,False,False
닿을 수 있는 그녀,닿을 수 있는 그녀,DQXze8K7eeU,세상이 억까해도 난 믿는 구석이 있지,숏드라마는 비글루 (Vigloo),2026-04-02T01:39:08Z,39699,414,6,https://www.youtube.com/watch?v=DQXze8K7eeU,@하니JYP,김유빈을 어떻게 역할이 죄다 한결같냐...? 진짜 극혐이더 관상도 싸한데 하는짓까지... 아이돌준비하다 흑화했네,2.0,2026-05-07T15:10:55Z,False,False
닿을 수 있는 그녀,닿을 수 있는 그녀,DQXze8K7eeU,세상이 억까해도 난 믿는 구석이 있지,숏드라마는 비글루 (Vigloo),2026-04-02T01:39:08Z,39699,414,6,https://www.youtube.com/watch?v=DQXze8K7eeU,@오은미-u5i,남주가 여자 알레르기 있나봐요.. 근데 여주만 남주를 만질수있나봐요.. 그나저나 시어머니짱ㅋㅋㅋ 대충보니깐 미나라는 저여자 친자식도 아니던데 나중에  저여자는 쫓겨나고 가족들이 여주한테와서 용서를빌듯하네요,0.0,2026-04-27T22:23:10Z,False,False
닿을 수 있는 그녀,닿을 수 있는 그녀,DQXze8K7eeU,세상이 억까해도 난 믿는 구석이 있지,숏드라마는 비글루 (Vigloo),2026-04-02T01:39:08Z,39699,414,6,https://www.youtube.com/watch?v=DQXze8K7eeU,@Ar.H.W.,제목 폰트 뭔데 중공식 폰트에 제목 😂,0.0,2026-04-04T07:03:24Z,False,False
닿을 수 있는 그녀,닿을 수 있는 그녀,DQXze8K7eeU,세상이 억까해도 난 믿는 구석이 있지,숏드라마는 비글루 (Vigloo),2026-04-02T01:39:08Z,39699,414,6,https://www.youtube.com/watch?v=DQXze8K7eeU,@Lifeisgo-g5k,시엄마 짱!!!!!!!!,3.0,2026-04-02T07:18:02Z,False,False
닿을 수 있는 그녀,닿을 수 있는 그녀,DQXze8K7eeU,세상이 억까해도 난 믿는 구석이 있지,숏드라마는 비글루 (Vigloo),2026-04-02T01:39:08Z,39699,414,6,https://www.youtube.com/watch?v=DQXze8K7eeU,@makefriend21,중드 한국판,4.0,2026-04-02T03:57:21Z,False,False
닿을 수 있는 그녀,닿을 수 있는 그녀,DQXze8K7eeU,세상이 억까해도 난 믿는 구석이 있지,숏드라마는 비글루 (Vigloo),2026-04-02T01:39:08Z,39699,414,6,https://www.youtube.com/watch?v=DQXze8K7eeU,@ViglooKorea,"[닿을 수 있는 그녀] 비글루에서 시청하세요
https://vigloo.onelink.me/SrIM/touchyb",0.0,2026-04-02T01:40:27Z,False,False
닿을 수 있는 그녀,닿을 수 있는 그녀,MAItmIIrhd8,가짜 딸의 만행 폭로,숏드라마는 비글루 (Vigloo),2026-04-20T06:00:30Z,96124,1104,6,https://www.youtube.com/watch?v=MAItmIIrhd8,@ViglooKorea,"[닿을 수 있는 그녀] 비글루에서 시청하세요
https://vigloo.onelink.me/SrIM/touchyb",0.0,2026-04-20T09:21:30Z,False,False
닿을 수 있는 그녀,닿을 수 있는 그녀,MAItmIIrhd8,가짜 딸의 만행 폭로,숏드라마는 비글루 (Vigloo),2026-04-20T06:00:30Z,96124,1104,6,https://www.youtube.com/watch?v=MAItmIIrhd8,@반재춘-l1i,다음편 보여줘,0.0,2026-04-27T06:01:54Z,False,False
닿을 수 있는 그녀,닿을 수 있는 그녀,MAItmIIrhd8,가짜 딸의 만행 폭로,숏드라마는 비글루 (Vigloo),2026-04-20T06:00:30Z,96124,1104,6,https://www.youtube.com/watch?v=MAItmIIrhd8,@타키야스,꼬시다,0.0,2026-04-23T08:29:09Z,False,False
닿을 수 있는 그녀,닿을 수 있는 그녀,MAItmIIrhd8,가짜 딸의 만행 폭로,숏드라마는 비글루 (Vigloo),2026-04-20T06:00:30Z,96124,1104,6,https://www.youtube.com/watch?v=MAItmIIrhd8,@하하하-d3y-o2v,다음요,0.0,2026-04-21T01:08:53Z,False,False
닿을 수 있는 그녀,닿을 수 있는 그녀,MAItmIIrhd8,가짜 딸의 만행 폭로,숏드라마는 비글루 (Vigloo),2026-04-20T06:00:30Z,96124,1104,6,https://www.youtube.com/watch?v=MAItmIIrhd8,@미라클-y2s,😊,0.0,2026-04-20T09:03:56Z,False,False
닿을 수 있는 그녀,닿을 수 있는 그녀,VpV_yb6r3eI,폭력쓰는 양부모한테 피의 응징하는 재벌남,숏드라마는 비글루 (Vigloo),2026-03-25T08:00:35Z,100546,1050,5,https://www.youtube.com/watch?v=VpV_yb6r3eI,@ViglooKorea,"[닿을 수 있는 그녀] 비글루에서 시청하세요
https://vigloo.onelink.me/SrIM/touchyb",1.0,2026-03-26T00:55:37Z,False,False
닿을 수 있는 그녀,닿을 수 있는 그녀,VpV_yb6r3eI,폭력쓰는 양부모한테 피의 응징하는 재벌남,숏드라마는 비글루 (Vigloo),2026-03-25T08:00:35Z,100546,1050,5,https://www.youtube.com/watch?v=VpV_yb6r3eI,@하니JYP,김유빈 너무 역겹다 어떻게 나오는 드라마마다 나와서 하는짓이 다 똑같음...? 대본도 그런거만 골라놓고 고르냐?,0.0,2026-05-07T15:16:35Z,False,False
닿을 수 있는 그녀,닿을 수 있는 그녀,VpV_yb6r3eI,폭력쓰는 양부모한테 피의 응징하는 재벌남,숏드라마는 비글루 (Vigloo),2026-03-25T08:00:35Z,100546,1050,5,https://www.youtube.com/watch?v=VpV_yb6r3eI,@똔코바라기_똔콩이,참교육 보여달라구용,0.0,2026-05-05T12:04:36Z,False,False
닿을 수 있는 그녀,닿을 수 있는 그녀,VpV_yb6r3eI,폭력쓰는 양부모한테 피의 응징하는 재벌남,숏드라마는 비글루 (Vigloo),2026-03-25T08:00:35Z,100546,1050,5,https://www.youtube.com/watch?v=VpV_yb6r3eI,@김현아-c3s2f,참교육  궁금해요,0.0,2026-04-09T09:33:19Z,False,False
닿을 수 있는 그녀,닿을 수 있는 그녀,VpV_yb6r3eI,폭력쓰는 양부모한테 피의 응징하는 재벌남,숏드라마는 비글루 (Vigloo),2026-03-25T08:00:35Z,100546,1050,5,https://www.youtube.com/watch?v=VpV_yb6r3eI,@뚜벅이-b1t,참교육이 궁금하네요,7.0,2026-03-25T09:12:49Z,False,False
닿을 수 있는 그녀,닿을 수 있는 그녀,LRiVKP4fmV8,밥 값 하라며 딸 팔아버린 양가족들 [닿을 수 있는 그녀] Ep5-8,숏드라마는 비글루 (Vigloo),2026-03-26T02:14:51Z,32916,126,6,https://www.youtube.com/watch?v=LRiVKP4fmV8,@박미희-r7w,"하ㅠ 세상에이런 아,열받아",0.0,2026-04-22T04:46:51Z,False,False
닿을 수 있는 그녀,닿을 수 있는 그녀,LRiVKP4fmV8,밥 값 하라며 딸 팔아버린 양가족들 [닿을 수 있는 그녀] Ep5-8,숏드라마는 비글루 (Vigloo),2026-03-26T02:14:51Z,32916,126,6,https://www.youtube.com/watch?v=LRiVKP4fmV8,@손혜현-j9c,오현경 옥치미 첫번째 남자 친구 집에,0.0,2026-04-22T04:38:02Z,False,False
닿을 수 있는 그녀,닿을 수 있는 그녀,LRiVKP4fmV8,밥 값 하라며 딸 팔아버린 양가족들 [닿을 수 있는 그녀] Ep5-8,숏드라마는 비글루 (Vigloo),2026-03-26T02:14:51Z,32916,126,6,https://www.youtube.com/watch?v=LRiVKP4fmV8,@손혜현-j9c,엄지원 엄마 치매 욱 쉬는 시간 좀,0.0,2026-04-20T23:24:43Z,False,False
닿을 수 있는 그녀,닿을 수 있는 그녀,LRiVKP4fmV8,밥 값 하라며 딸 팔아버린 양가족들 [닿을 수 있는 그녀] Ep5-8,숏드라마는 비글루 (Vigloo),2026-03-26T02:14:51Z,32916,126,6,https://www.youtube.com/watch?v=LRiVKP4fmV8,@손혜현-j9c,오현경 옥치미 첫번째 남자 친구 집에,0.0,2026-04-18T06:21:04Z,False,False
닿을 수 있는 그녀,닿을 수 있는 그녀,LRiVKP4fmV8,밥 값 하라며 딸 팔아버린 양가족들 [닿을 수 있는 그녀] Ep5-8,숏드라마는 비글루 (Vigloo),2026-03-26T02:14:51Z,32916,126,6,https://www.youtube.com/watch?v=LRiVKP4fmV8,@Grace_11ug,3:59 부터 소리가 안들리는거 같은데..,4.0,2026-03-28T14:30:27Z,False,False
닿을 수 있는 그녀,닿을 수 있는 그녀,Al6PHxxRhls,약혼녀 기살려주는 재벌남의 재력 클라스,숏드라마는 비글루 (Vigloo),2026-04-21T09:42:52Z,14012,60,2,https://www.youtube.com/watch?v=Al6PHxxRhls,@기시기-r2p,"31+50억 쪽박,  81억😂😂😂",0.0,2026-04-21T10:54:33Z,False,False
닿을 수 있는 그녀,닿을 수 있는 그녀,Al6PHxxRhls,약혼녀 기살려주는 재벌남의 재력 클라스,숏드라마는 비글루 (Vigloo),2026-04-21T09:42:52Z,14012,60,2,https://www.youtube.com/watch?v=Al6PHxxRhls,@손혜현-j9c,오현경 나 지금 집에 가요 ㅎㅎ,0.0,2026-04-21T09:56:15Z,False,False
닿을 수 있는 그녀,닿을 수 있는 그녀,SnUB5l-wwAE,무개념 친정 식구 혼쭐 내는 재벌 시엄마 [닿을 수 있는 그녀],숏드라마는 비글루 (Vigloo),2026-03-27T01:24:28Z,29345,119,6,https://www.youtube.com/watch?v=SnUB5l-wwAE,@손혜현-j9c,엄지원 엄마 치매 욕 안 좋아,0.0,2026-05-09T05:35:20Z,True,False
닿을 수 있는 그녀,닿을 수 있는 그녀,SnUB5l-wwAE,무개념 친정 식구 혼쭐 내는 재벌 시엄마 [닿을 수 있는 그녀],숏드라마는 비글루 (Vigloo),2026-03-27T01:24:28Z,29345,119,6,https://www.youtube.com/watch?v=SnUB5l-wwAE,@선희이-b5u,너무하시네요,0.0,2026-04-20T12:36:53Z,False,False
닿을 수 있는 그녀,닿을 수 있는 그녀,SnUB5l-wwAE,무개념 친정 식구 혼쭐 내는 재벌 시엄마 [닿을 수 있는 그녀],숏드라마는 비글루 (Vigloo),2026-03-27T01:24:28Z,29345,119,6,https://www.youtube.com/watch?v=SnUB5l-wwAE,@백설화백설화-r5i,저런나쁜놈들 ㅋㅋ,0.0,2026-04-10T08:48:55Z,False,False
닿을 수 있는 그녀,닿을 수 있는 그녀,SnUB5l-wwAE,무개념 친정 식구 혼쭐 내는 재벌 시엄마 [닿을 수 있는 그녀],숏드라마는 비글루 (Vigloo),2026-03-27T01:24:28Z,29345,119,6,https://www.youtube.com/watch?v=SnUB5l-wwAE,@백설화백설화-r5i,ㅋㅋㅋ,0.0,2026-04-10T08:48:42Z,False,False
닿을 수 있는 그녀,닿을 수 있는 그녀,SnUB5l-wwAE,무개념 친정 식구 혼쭐 내는 재벌 시엄마 [닿을 수 있는 그녀],숏드라마는 비글루 (Vigloo),2026-03-27T01:24:28Z,29345,119,6,https://www.youtube.com/watch?v=SnUB5l-wwAE,@해바라기-j7c,뭔가? 공산당 드라마 같은 이유? 나만 느끼나...,0.0,2026-03-31T14:11:08Z,False,False
닿을 수 있는 그녀,닿을 수 있는 그녀,SnUB5l-wwAE,무개념 친정 식구 혼쭐 내는 재벌 시엄마 [닿을 수 있는 그녀],숏드라마는 비글루 (Vigloo),2026-03-27T01:24:28Z,29345,119,6,https://www.youtube.com/watch?v=SnUB5l-wwAE,@꼴뚜기-l8e,혼쭐내주는장면도 없는데 머져?,2.0,2026-03-27T04:30:33Z,False,False
닿을 수 있는 그녀,닿을 수 있는 그녀,J1ESwU9DaUs,재벌과의 결혼 성사 비법은 스킨십 궁합?,숏드라마는 비글루 (Vigloo),2026-03-26T02:27:28Z,51166,497,4,https://www.youtube.com/watch?v=J1ESwU9DaUs,@ViglooKorea,"[닿을 수 있는 그녀] 비글루에서 시청하기🩵
https://vigloo.onelink.me/SrIM/touchyb",0.0,2026-03-26T03:19:39Z,False,False
닿을 수 있는 그녀,닿을 수 있는 그녀,J1ESwU9DaUs,재벌과의 결혼 성사 비법은 스킨십 궁합?,숏드라마는 비글루 (Vigloo),2026-03-26T02:27:28Z,51166,497,4,https://www.youtube.com/watch?v=J1ESwU9DaUs,@아름김-s5d,중국제목이?,0.0,2026-05-05T10:40:45Z,False,False
닿을 수 있는 그녀,닿을 수 있는 그녀,J1ESwU9DaUs,재벌과의 결혼 성사 비법은 스킨십 궁합?,숏드라마는 비글루 (Vigloo),2026-03-26T02:27:28Z,51166,497,4,https://www.youtube.com/watch?v=J1ESwU9DaUs,@Tarantula4,침냄새 맡아보고싶다,0.0,2026-03-27T10:35:17Z,False,False
닿을 수 있는 그녀,닿을 수 있는 그녀,J1ESwU9DaUs,재벌과의 결혼 성사 비법은 스킨십 궁합?,숏드라마는 비글루 (Vigloo),2026-03-26T02:27:28Z,51166,497,4,https://www.youtube.com/watch?v=J1ESwU9DaUs,@makefriend21,앞으로 중국이 대세인가,1.0,2026-03-26T04:17:10Z,False,False
뚱보 아내는 조폭 마누라,뚱보 아내는 조폭 마누라,gRx9bOBPEyU,[뚱보 아내는 조폭 마누라] Ep1-8 몰아보기,숏드라마는 비글루 (Vigloo),2026-04-09T08:55:42Z,16330,89,10,https://www.youtube.com/watch?v=gRx9bOBPEyU,@ViglooKorea,"[뚱보 아내는 조폭 마누라]  비글루에서 시청하기🩵
https://vigloo.onelink.me/SrIM/XXLyb",1.0,2026-04-09T11:22:12Z,False,False
뚱보 아내는 조폭 마누라,뚱보 아내는 조폭 마누라,gRx9bOBPEyU,[뚱보 아내는 조폭 마누라] Ep1-8 몰아보기,숏드라마는 비글루 (Vigloo),2026-04-09T08:55:42Z,16330,89,10,https://www.youtube.com/watch?v=gRx9bOBPEyU,@인생지식-r1u,역시...여자는 이뻐야한다는 교훈을 준 드라마,0.0,2026-05-05T03:51:11Z,False,False
뚱보 아내는 조폭 마누라,뚱보 아내는 조폭 마누라,gRx9bOBPEyU,[뚱보 아내는 조폭 마누라] Ep1-8 몰아보기,숏드라마는 비글루 (Vigloo),2026-04-09T08:55:42Z,16330,89,10,https://www.youtube.com/watch?v=gRx9bOBPEyU,@u2x-z6q,저 남자배우도 유명한 배우 아닌가? 연기 잘 한다!,1.0,2026-05-05T01:18:07Z,False,False
뚱보 아내는 조폭 마누라,뚱보 아내는 조폭 마누라,gRx9bOBPEyU,[뚱보 아내는 조폭 마누라] Ep1-8 몰아보기,숏드라마는 비글루 (Vigloo),2026-04-09T08:55:42Z,16330,89,10,https://www.youtube.com/watch?v=gRx9bOBPEyU,@annabelladiola4272,I hope you can put also english substitle,0.0,2026-04-27T09:06:58Z,False,False
뚱보 아내는 조폭 마누라,뚱보 아내는 조폭 마누라,gRx9bOBPEyU,[뚱보 아내는 조폭 마누라] Ep1-8 몰아보기,숏드라마는 비글루 (Vigloo),2026-04-09T08:55:42Z,16330,89,10,https://www.youtube.com/watch?v=gRx9bOBPEyU,@강상균-p3p,뭔소릴짖꺼니냐,0.0,2026-04-23T05:00:37Z,False,False
뚱보 아내는 조폭 마누라,뚱보 아내는 조폭 마누라,gRx9bOBPEyU,[뚱보 아내는 조폭 마누라] Ep1-8 몰아보기,숏드라마는 비글루 (Vigloo),2026-04-09T08:55:42Z,16330,89,10,https://www.youtube.com/watch?v=gRx9bOBPEyU,@HomeSweetHome-r9r,"탬버린 치던 영부인
보다 
피아노 치는 영부인이 낫지",2.0,2026-04-22T08:01:44Z,False,False
뚱보 아내는 조폭 마누라,뚱보 아내는 조폭 마누라,gRx9bOBPEyU,[뚱보 아내는 조폭 마누라] Ep1-8 몰아보기,숏드라마는 비글루 (Vigloo),2026-04-09T08:55:42Z,16330,89,10,https://www.youtube.com/watch?v=gRx9bOBPEyU,@zhtmaht-j7i,조폭 마누라 김해경 ㅋㅋㅋ 조폭 남푠 이재명,13.0,2026-04-13T13:04:35Z,False,False
뚱보 아내는 조폭 마누라,뚱보 아내는 조폭 마누라,gRx9bOBPEyU,[뚱보 아내는 조폭 마누라] Ep1-8 몰아보기,숏드라마는 비글루 (Vigloo),2026-04-09T08:55:42Z,16330,89,10,https://www.youtube.com/watch?v=gRx9bOBPEyU,@김인정-j1m,남편 보좌관 사람이라고 부르지 마세요 절대,1.0,2026-04-10T06:56:55Z,False,False
뚱보 아내는 조폭 마누라,뚱보 아내는 조폭 마누라,5gkr6DOZbcQ,비주얼과 주먹으로 남편 박살 내러 왔습니다 [뚱보 아내는 조폭 마누라] ep9-13,숏드라마는 비글루 (Vigloo),2026-04-13T08:21:30Z,13233,70,1,https://www.youtube.com/watch?v=5gkr6DOZbcQ,@박성미-f6f,이거14회는언제나오나요,1.0,2026-05-12T01:44:19Z,False,False
뚱보 아내는 조폭 마누라,뚱보 아내는 조폭 마누라,4PLVTcycgoM,"뚱뚱했던 아내, 다른 여자가 되어 돌아오다",숏드라마는 비글루 (Vigloo),2026-04-09T11:38:46Z,75865,752,8,https://www.youtube.com/watch?v=4PLVTcycgoM,@ViglooKorea,"[뚱보 아내는 조폭 마누라]  비글루에서 시청하기🩵
https://vigloo.onelink.me/SrIM/XXLyb",4.0,2026-04-09T12:22:05Z,False,False
뚱보 아내는 조폭 마누라,뚱보 아내는 조폭 마누라,4PLVTcycgoM,"뚱뚱했던 아내, 다른 여자가 되어 돌아오다",숏드라마는 비글루 (Vigloo),2026-04-09T11:38:46Z,75865,752,8,https://www.youtube.com/watch?v=4PLVTcycgoM,@55kg95,중국 드라마  은근 재밌음. ㅋ,0.0,2026-05-09T04:22:35Z,True,False
뚱보 아내는 조폭 마누라,뚱보 아내는 조폭 마누라,4PLVTcycgoM,"뚱뚱했던 아내, 다른 여자가 되어 돌아오다",숏드라마는 비글루 (Vigloo),2026-04-09T11:38:46Z,75865,752,8,https://www.youtube.com/watch?v=4PLVTcycgoM,@HJ921-i,ㅋㅎㅋㅎ생방핸드폰 ㅁㅇ,0.0,2026-05-05T16:45:45Z,False,False
뚱보 아내는 조폭 마누라,뚱보 아내는 조폭 마누라,4PLVTcycgoM,"뚱뚱했던 아내, 다른 여자가 되어 돌아오다",숏드라마는 비글루 (Vigloo),2026-04-09T11:38:46Z,75865,752,8,https://www.youtube.com/watch?v=4PLVTcycgoM,@멸중,리두로,0.0,2026-05-05T13:42:55Z,False,False
뚱보 아내는 조폭 마누라,뚱보 아내는 조폭 마누라,4PLVTcycgoM,"뚱뚱했던 아내, 다른 여자가 되어 돌아오다",숏드라마는 비글루 (Vigloo),2026-04-09T11:38:46Z,75865,752,8,https://www.youtube.com/watch?v=4PLVTcycgoM,@우준-c4d,중국꺼 그만 빼겨라 티 많이 난다,0.0,2026-05-01T06:48:15Z,False,False
뚱보 아내는 조폭 마누라,뚱보 아내는 조폭 마누라,4PLVTcycgoM,"뚱뚱했던 아내, 다른 여자가 되어 돌아오다",숏드라마는 비글루 (Vigloo),2026-04-09T11:38:46Z,75865,752,8,https://www.youtube.com/watch?v=4PLVTcycgoM,@user-cc7dh2mj3z,딱. 누귀 생각나네.,5.0,2026-04-19T04:40:50Z,False,False
뚱보 아내는 조폭 마누라,뚱보 아내는 조폭 마누라,4PLVTcycgoM,"뚱뚱했던 아내, 다른 여자가 되어 돌아오다",숏드라마는 비글루 (Vigloo),2026-04-09T11:38:46Z,75865,752,8,https://www.youtube.com/watch?v=4PLVTcycgoM,@남수옥-l1e,"저런 인성을 가진놈이 대통령이
된다고 지랄하고 있네.나라 말
아 먹겠다.ㅜ",9.0,2026-04-10T09:11:34Z,False,False
뚱보 아내는 조폭 마누라,뚱보 아내는 조폭 마누라,4PLVTcycgoM,"뚱뚱했던 아내, 다른 여자가 되어 돌아오다",숏드라마는 비글루 (Vigloo),2026-04-09T11:38:46Z,75865,752,8,https://www.youtube.com/watch?v=4PLVTcycgoM,@김나경-k4h,ㅎㅎ 누구,3.0,2026-04-09T11:57:44Z,False,False
뚱보 아내는 조폭 마누라,뚱보 아내는 조폭 마누라,cCQ-JKar8LI,싸대기엔 싸대기로 맞대응 가는 조폭 와이프,숏드라마는 비글루 (Vigloo),2026-04-12T13:30:47Z,51488,549,1,https://www.youtube.com/watch?v=cCQ-JKar8LI,@ViglooKorea,"[뚱보 아내는 조폭 마누라] 비글루에서 시청하기🩵
https://vigloo.onelink.me/SrIM/XXLyb",0.0,2026-04-13T08:45:11Z,False,False
뚱보 아내는 조폭 마누라,뚱보 아내는 조폭 마누라,f8Q7geV3QEY,외모 지적질하는 무개념녀 우아하게 복수하기,숏드라마는 비글루 (Vigloo),2026-04-14T08:00:44Z,71302,909,15,https://www.youtube.com/watch?v=f8Q7geV3QEY,@ViglooKorea,"[뚱보 아내는 조폭 마누라] 비글루에서 시청하기🩵
https://vigloo.onelink.me/SrIM/XXLyb",1.0,2026-04-14T08:34:04Z,False,False
뚱보 아내는 조폭 마누라,뚱보 아내는 조폭 마누라,f8Q7geV3QEY,외모 지적질하는 무개념녀 우아하게 복수하기,숏드라마는 비글루 (Vigloo),2026-04-14T08:00:44Z,71302,909,15,https://www.youtube.com/watch?v=f8Q7geV3QEY,@윤미경-y5z,니들은 거울 안보냐😢😢😢,0.0,2026-05-08T05:37:08Z,False,False
뚱보 아내는 조폭 마누라,뚱보 아내는 조폭 마누라,f8Q7geV3QEY,외모 지적질하는 무개념녀 우아하게 복수하기,숏드라마는 비글루 (Vigloo),2026-04-14T08:00:44Z,71302,909,15,https://www.youtube.com/watch?v=f8Q7geV3QEY,@fansolaw3184,"아 진짜 웃겨 ㅋㅋㅋㅋ재밌어서 계속 보는중
보면서 너무 사이다",0.0,2026-05-05T15:21:01Z,True,False
뚱보 아내는 조폭 마누라,뚱보 아내는 조폭 마누라,f8Q7geV3QEY,외모 지적질하는 무개념녀 우아하게 복수하기,숏드라마는 비글루 (Vigloo),2026-04-14T08:00:44Z,71302,909,15,https://www.youtube.com/watch?v=f8Q7geV3QEY,@건담엄마-x5m,중국스럽네. 이제 드라마도.중국식으로.가나보네요. 나라가 갈수록 중국화되가네요. .,0.0,2026-05-03T08:24:16Z,False,False
뚱보 아내는 조폭 마누라,뚱보 아내는 조폭 마누라,f8Q7geV3QEY,외모 지적질하는 무개념녀 우아하게 복수하기,숏드라마는 비글루 (Vigloo),2026-04-14T08:00:44Z,71302,909,15,https://www.youtube.com/watch?v=f8Q7geV3QEY,@Ysj-w9i,AI 스럽다,3.0,2026-05-02T08:49:02Z,False,False
뚱보 아내는 조폭 마누라,뚱보 아내는 조폭 마누라,f8Q7geV3QEY,외모 지적질하는 무개념녀 우아하게 복수하기,숏드라마는 비글루 (Vigloo),2026-04-14T08:00:44Z,71302,909,15,https://www.youtube.com/watch?v=f8Q7geV3QEY,@jji01,근데 다들 어찌 이리 발음이 좋고 연기를 잘하시는 거지???더보고싶쟈나😂,3.0,2026-04-27T15:44:23Z,True,False
뚱보 아내는 조폭 마누라,뚱보 아내는 조폭 마누라,f8Q7geV3QEY,외모 지적질하는 무개념녀 우아하게 복수하기,숏드라마는 비글루 (Vigloo),2026-04-14T08:00:44Z,71302,909,15,https://www.youtube.com/watch?v=f8Q7geV3QEY,@jinheyj,ai,2.0,2026-04-27T11:28:01Z,False,False
뚱보 아내는 조폭 마누라,뚱보 아내는 조폭 마누라,f8Q7geV3QEY,외모 지적질하는 무개념녀 우아하게 복수하기,숏드라마는 비글루 (Vigloo),2026-04-14T08:00:44Z,71302,909,15,https://www.youtube.com/watch?v=f8Q7geV3QEY,@KIM-nv9xw,중국자본인가,0.0,2026-04-25T06:30:09Z,False,False
뚱보 아내는 조폭 마누라,뚱보 아내는 조폭 마누라,f8Q7geV3QEY,외모 지적질하는 무개념녀 우아하게 복수하기,숏드라마는 비글루 (Vigloo),2026-04-14T08:00:44Z,71302,909,15,https://www.youtube.com/watch?v=f8Q7geV3QEY,@herker09,요즘 드라마 맞아?  소재가 없냐??? 기승전 중뽕 삘나냐???,0.0,2026-04-23T00:13:41Z,False,False
뚱보 아내는 조폭 마누라,뚱보 아내는 조폭 마누라,f8Q7geV3QEY,외모 지적질하는 무개념녀 우아하게 복수하기,숏드라마는 비글루 (Vigloo),2026-04-14T08:00:44Z,71302,909,15,https://www.youtube.com/watch?v=f8Q7geV3QEY,@yyang7609,이걸 돈들여 만들어?,0.0,2026-04-22T22:20:09Z,False,False
뚱보 아내는 조폭 마누라,뚱보 아내는 조폭 마누라,3PTZp22BkGg,조폭 보스로 환생한 와이프,숏드라마는 비글루 (Vigloo),2026-04-12T12:42:18Z,16643,236,1,https://www.youtube.com/watch?v=3PTZp22BkGg,@ViglooKorea,"[뚱보 아내는 조폭 마누라] 비글루에서 시청하기🩵
https://vigloo.onelink.me/SrIM/XXLyb",1.0,2026-04-12T12:45:29Z,False,False
모쏠지옥,모쏠지옥,fau1SZJqvBU,우정 여행 종착지가 연애 프로그램? [모쏠지옥],숏드라마는 비글루 (Vigloo),2026-04-30T09:48:43Z,13542,34,1,https://www.youtube.com/watch?v=fau1SZJqvBU,@ViglooKorea,"[모쏠지옥] 비글루에서 시청하기🩵
https://vigloo.onelink.me/SrIM/krytcm",0.0,2026-04-30T09:59:04Z,False,False
비서할래 와이프할래?,비서할래 와이프할래?,GNE7jDV4Rj8,"5분 만에 계약 결혼, 1년 만에 재회? [비서할래 와이프할래?] Ep.1-6",숏드라마는 비글루 (Vigloo),2026-03-12T07:32:49Z,211556,1735,79,https://www.youtube.com/watch?v=GNE7jDV4Rj8,@ViglooKorea,"[비서할래 와이프할래?]
🩵비글루에서 무료 에피소드 시청하기🩵
https://vigloo.onelink.me/SrIM/oncewife",9.0,2026-03-17T11:12:32Z,False,False
비서할래 와이프할래?,비서할래 와이프할래?,GNE7jDV4Rj8,"5분 만에 계약 결혼, 1년 만에 재회? [비서할래 와이프할래?] Ep.1-6",숏드라마는 비글루 (Vigloo),2026-03-12T07:32:49Z,211556,1735,79,https://www.youtube.com/watch?v=GNE7jDV4Rj8,@saddream1,틱톡에 중국애들이 내용도 똑같이 찍었던데 중국애들이 또 베낀건가요???,0.0,2026-04-24T12:37:28Z,False,False
비서할래 와이프할래?,비서할래 와이프할래?,GNE7jDV4Rj8,"5분 만에 계약 결혼, 1년 만에 재회? [비서할래 와이프할래?] Ep.1-6",숏드라마는 비글루 (Vigloo),2026-03-12T07:32:49Z,211556,1735,79,https://www.youtube.com/watch?v=GNE7jDV4Rj8,@Dol.k1,이혼은 법원가서해야지 왜 구청에서봐요,0.0,2026-04-21T05:03:53Z,False,False
비서할래 와이프할래?,비서할래 와이프할래?,GNE7jDV4Rj8,"5분 만에 계약 결혼, 1년 만에 재회? [비서할래 와이프할래?] Ep.1-6",숏드라마는 비글루 (Vigloo),2026-03-12T07:32:49Z,211556,1735,79,https://www.youtube.com/watch?v=GNE7jDV4Rj8,@전병헌-w2g,아버지 되리로온나 이집에는 두번다시 제사 않모셔준다. 아빠 복지카드받아갔다....!!그래서그런다 엄마없이 집안일은 아빠가 다할께 뒷바라지도 아빠랑만나면 가계나 도와줘 삼구치킨하자...!!!,0.0,2026-04-08T06:04:17Z,False,False
비서할래 와이프할래?,비서할래 와이프할래?,GNE7jDV4Rj8,"5분 만에 계약 결혼, 1년 만에 재회? [비서할래 와이프할래?] Ep.1-6",숏드라마는 비글루 (Vigloo),2026-03-12T07:32:49Z,211556,1735,79,https://www.youtube.com/watch?v=GNE7jDV4Rj8,@전병헌-w2g,"가병
나병
다병
라병
마병
바병
사병
가예
가혜
나예
나혜 브라고 ~~~~",1.0,2026-04-08T06:01:04Z,False,False
비서할래 와이프할래?,비서할래 와이프할래?,GNE7jDV4Rj8,"5분 만에 계약 결혼, 1년 만에 재회? [비서할래 와이프할래?] Ep.1-6",숏드라마는 비글루 (Vigloo),2026-03-12T07:32:49Z,211556,1735,79,https://www.youtube.com/watch?v=GNE7jDV4Rj8,@전병헌-w2g,하은아 아빠가보고갆다 결혼하지말고 있어라 내딸은 결혼반대다.!,0.0,2026-04-08T05:52:01Z,False,False
비서할래 와이프할래?,비서할래 와이프할래?,GNE7jDV4Rj8,"5분 만에 계약 결혼, 1년 만에 재회? [비서할래 와이프할래?] Ep.1-6",숏드라마는 비글루 (Vigloo),2026-03-12T07:32:49Z,211556,1735,79,https://www.youtube.com/watch?v=GNE7jDV4Rj8,@쥴리안어산지,ㅓ이거  AI 로 만든거임??,0.0,2026-04-07T09:41:57Z,False,False
비서할래 와이프할래?,비서할래 와이프할래?,GNE7jDV4Rj8,"5분 만에 계약 결혼, 1년 만에 재회? [비서할래 와이프할래?] Ep.1-6",숏드라마는 비글루 (Vigloo),2026-03-12T07:32:49Z,211556,1735,79,https://www.youtube.com/watch?v=GNE7jDV4Rj8,@SupaDupa2,이거 중국 틱톡드라마 같아,0.0,2026-04-06T19:43:40Z,False,False
비서할래 와이프할래?,비서할래 와이프할래?,GNE7jDV4Rj8,"5분 만에 계약 결혼, 1년 만에 재회? [비서할래 와이프할래?] Ep.1-6",숏드라마는 비글루 (Vigloo),2026-03-12T07:32:49Z,211556,1735,79,https://www.youtube.com/watch?v=GNE7jDV4Rj8,@박인철-u7u,어떻게 부딛히면 저렇게 입술만 딱 맞출수가 있냐 😅,0.0,2026-04-06T17:02:31Z,False,False
비서할래 와이프할래?,비서할래 와이프할래?,GNE7jDV4Rj8,"5분 만에 계약 결혼, 1년 만에 재회? [비서할래 와이프할래?] Ep.1-6",숏드라마는 비글루 (Vigloo),2026-03-12T07:32:49Z,211556,1735,79,https://www.youtube.com/watch?v=GNE7jDV4Rj8,@INOMOOSHOOKI,중국 짜치는드라마랑 똑같네.. 중국자본인듯..,0.0,2026-04-04T06:32:08Z,False,False
비서할래 와이프할래?,비서할래 와이프할래?,v9mqy6bXg8A,인턴 정체도 모르고 나대는 팀장의 결말은? [비서할래 와이프할래] ep.07-10,숏드라마는 비글루 (Vigloo),2026-03-17T11:30:52Z,212018,1886,114,https://www.youtube.com/watch?v=v9mqy6bXg8A,@ViglooKorea,"[비서할래 와이프할래?]
🩵비글루에서 무료 에피소드 시청하기🩵
https://vigloo.onelink.me/SrIM/oncewife",7.0,2026-03-18T01:17:28Z,False,False
비서할래 와이프할래?,비서할래 와이프할래?,v9mqy6bXg8A,인턴 정체도 모르고 나대는 팀장의 결말은? [비서할래 와이프할래] ep.07-10,숏드라마는 비글루 (Vigloo),2026-03-17T11:30:52Z,212018,1886,114,https://www.youtube.com/watch?v=v9mqy6bXg8A,@강-j,이 이후는 못 봄?,0.0,2026-05-11T15:48:50Z,False,False
비서할래 와이프할래?,비서할래 와이프할래?,v9mqy6bXg8A,인턴 정체도 모르고 나대는 팀장의 결말은? [비서할래 와이프할래] ep.07-10,숏드라마는 비글루 (Vigloo),2026-03-17T11:30:52Z,212018,1886,114,https://www.youtube.com/watch?v=v9mqy6bXg8A,@ho-wonjeong835,언제부터 계약서 검토가 신입 여비서 기본 업무가 되었나.......,0.0,2026-05-09T16:49:41Z,False,False
비서할래 와이프할래?,비서할래 와이프할래?,v9mqy6bXg8A,인턴 정체도 모르고 나대는 팀장의 결말은? [비서할래 와이프할래] ep.07-10,숏드라마는 비글루 (Vigloo),2026-03-17T11:30:52Z,212018,1886,114,https://www.youtube.com/watch?v=v9mqy6bXg8A,@화넥,이거 중국 드라마 아니였네ㅋㅋ,0.0,2026-05-03T12:34:43Z,False,False
비서할래 와이프할래?,비서할래 와이프할래?,v9mqy6bXg8A,인턴 정체도 모르고 나대는 팀장의 결말은? [비서할래 와이프할래] ep.07-10,숏드라마는 비글루 (Vigloo),2026-03-17T11:30:52Z,212018,1886,114,https://www.youtube.com/watch?v=v9mqy6bXg8A,@isds4351,대퓨님,0.0,2026-04-26T11:55:07Z,False,False
비서할래 와이프할래?,비서할래 와이프할래?,v9mqy6bXg8A,인턴 정체도 모르고 나대는 팀장의 결말은? [비서할래 와이프할래] ep.07-10,숏드라마는 비글루 (Vigloo),2026-03-17T11:30:52Z,212018,1886,114,https://www.youtube.com/watch?v=v9mqy6bXg8A,@김소영-f2i,중국드라마를 한국어로더빙해서보는느낌ㅋ,0.0,2026-04-21T08:28:33Z,False,False
비서할래 와이프할래?,비서할래 와이프할래?,v9mqy6bXg8A,인턴 정체도 모르고 나대는 팀장의 결말은? [비서할래 와이프할래] ep.07-10,숏드라마는 비글루 (Vigloo),2026-03-17T11:30:52Z,212018,1886,114,https://www.youtube.com/watch?v=v9mqy6bXg8A,@빠른무한좋아요,"민민한 느낌. 딱 짱깨 드라마.
큰일이 아닐수 없다.",0.0,2026-04-20T11:09:34Z,False,False
비서할래 와이프할래?,비서할래 와이프할래?,v9mqy6bXg8A,인턴 정체도 모르고 나대는 팀장의 결말은? [비서할래 와이프할래] ep.07-10,숏드라마는 비글루 (Vigloo),2026-03-17T11:30:52Z,212018,1886,114,https://www.youtube.com/watch?v=v9mqy6bXg8A,@현직국어선생님입니다,다음편은 언제 올려주는거냐,1.0,2026-04-19T09:35:34Z,False,False
비서할래 와이프할래?,비서할래 와이프할래?,v9mqy6bXg8A,인턴 정체도 모르고 나대는 팀장의 결말은? [비서할래 와이프할래] ep.07-10,숏드라마는 비글루 (Vigloo),2026-03-17T11:30:52Z,212018,1886,114,https://www.youtube.com/watch?v=v9mqy6bXg8A,@현직국어선생님입니다,"한나 팀장...
보아 + 노정의 섞은 느낌",1.0,2026-04-19T09:10:00Z,False,False
비서할래 와이프할래?,비서할래 와이프할래?,v9mqy6bXg8A,인턴 정체도 모르고 나대는 팀장의 결말은? [비서할래 와이프할래] ep.07-10,숏드라마는 비글루 (Vigloo),2026-03-17T11:30:52Z,212018,1886,114,https://www.youtube.com/watch?v=v9mqy6bXg8A,@kimjin9589,"성형 투머치.,.",0.0,2026-04-17T22:03:43Z,False,False
비서할래 와이프할래?,비서할래 와이프할래?,ta5gdh3DAIE,입사시킨 인턴이 내 와이프라고?,숏드라마는 비글루 (Vigloo),2026-03-13T03:01:04Z,1082596,9573,49,https://www.youtube.com/watch?v=ta5gdh3DAIE,@김미옥-g7l,우리나라 배우인데요,0.0,2026-05-03T14:02:40Z,False,False
비서할래 와이프할래?,비서할래 와이프할래?,ta5gdh3DAIE,입사시킨 인턴이 내 와이프라고?,숏드라마는 비글루 (Vigloo),2026-03-13T03:01:04Z,1082596,9573,49,https://www.youtube.com/watch?v=ta5gdh3DAIE,@궁금하다그것이,배우들 인물이 좋긴하네,1.0,2026-04-29T13:09:23Z,True,False
비서할래 와이프할래?,비서할래 와이프할래?,ta5gdh3DAIE,입사시킨 인턴이 내 와이프라고?,숏드라마는 비글루 (Vigloo),2026-03-13T03:01:04Z,1082596,9573,49,https://www.youtube.com/watch?v=ta5gdh3DAIE,@짭세2짭,개막장 유치 찬란 하네 작가가 누구길래,1.0,2026-04-11T07:54:30Z,False,False
비서할래 와이프할래?,비서할래 와이프할래?,ta5gdh3DAIE,입사시킨 인턴이 내 와이프라고?,숏드라마는 비글루 (Vigloo),2026-03-13T03:01:04Z,1082596,9573,49,https://www.youtube.com/watch?v=ta5gdh3DAIE,@QKEK,"중국 막장 드라마 완전 따라하냐?
돈에 자존심없네",1.0,2026-04-08T07:13:38Z,False,False
비서할래 와이프할래?,비서할래 와이프할래?,ta5gdh3DAIE,입사시킨 인턴이 내 와이프라고?,숏드라마는 비글루 (Vigloo),2026-03-13T03:01:04Z,1082596,9573,49,https://www.youtube.com/watch?v=ta5gdh3DAIE,@양정미-z4w,중국드라마 내용이네요,1.0,2026-04-07T22:06:08Z,False,False
비서할래 와이프할래?,비서할래 와이프할래?,ta5gdh3DAIE,입사시킨 인턴이 내 와이프라고?,숏드라마는 비글루 (Vigloo),2026-03-13T03:01:04Z,1082596,9573,49,https://www.youtube.com/watch?v=ta5gdh3DAIE,@sanhose5659,"대표(남편) 배우분 코 성형이 너~~~~ 무 이상해요
본인 얼굴과 안어울려 ㅠㅠ 
무슨 산맥을 얻어 놓은듯 한 느낌",0.0,2026-04-03T21:33:38Z,False,False
비서할래 와이프할래?,비서할래 와이프할래?,ta5gdh3DAIE,입사시킨 인턴이 내 와이프라고?,숏드라마는 비글루 (Vigloo),2026-03-13T03:01:04Z,1082596,9573,49,https://www.youtube.com/watch?v=ta5gdh3DAIE,@핫지유,붙히치면 사과를 해야지  둘다 뭐허노..,1.0,2026-04-01T08:11:05Z,False,False
비서할래 와이프할래?,비서할래 와이프할래?,ta5gdh3DAIE,입사시킨 인턴이 내 와이프라고?,숏드라마는 비글루 (Vigloo),2026-03-13T03:01:04Z,1082596,9573,49,https://www.youtube.com/watch?v=ta5gdh3DAIE,@summersurfski9303,애들 옷 좀 잘 입혀라.. 거지 같은 옷 입혀놓고 재벌놀이하노...,0.0,2026-03-31T12:10:14Z,False,False
비서할래 와이프할래?,비서할래 와이프할래?,ta5gdh3DAIE,입사시킨 인턴이 내 와이프라고?,숏드라마는 비글루 (Vigloo),2026-03-13T03:01:04Z,1082596,9573,49,https://www.youtube.com/watch?v=ta5gdh3DAIE,@yjs0324,ai로 만든 드라만가?,1.0,2026-03-29T08:55:20Z,False,False
비서할래 와이프할래?,비서할래 와이프할래?,ta5gdh3DAIE,입사시킨 인턴이 내 와이프라고?,숏드라마는 비글루 (Vigloo),2026-03-13T03:01:04Z,1082596,9573,49,https://www.youtube.com/watch?v=ta5gdh3DAIE,@danieldotto1896,중국 드라마.....,1.0,2026-03-28T02:32:26Z,False,False
비서할래 와이프할래?,비서할래 와이프할래?,EbN4rJudNZY,[비서할래 와이프할래?] trailer,숏드라마는 비글루 (Vigloo),2026-03-11T06:16:09Z,99084,730,3,https://www.youtube.com/watch?v=EbN4rJudNZY,@f0953065532,找不到全集😣😣,0.0,2026-04-07T15:50:17Z,False,False
비서할래 와이프할래?,비서할래 와이프할래?,EbN4rJudNZY,[비서할래 와이프할래?] trailer,숏드라마는 비글루 (Vigloo),2026-03-11T06:16:09Z,99084,730,3,https://www.youtube.com/watch?v=EbN4rJudNZY,@안녕우진,아니 근데 등본만 뗘 봐도 와이프 이름 뜨는데 이름은 언제까지 찾을거야 ㅋㅋ,7.0,2026-03-23T23:09:10Z,False,False
비서할래 와이프할래?,비서할래 와이프할래?,EbN4rJudNZY,[비서할래 와이프할래?] trailer,숏드라마는 비글루 (Vigloo),2026-03-11T06:16:09Z,99084,730,3,https://www.youtube.com/watch?v=EbN4rJudNZY,@Lifeisgo-g5k,이건일단 이예고만보고서는 볼만한데..,4.0,2026-03-11T07:29:19Z,False,False
비서할래 와이프할래?,비서할래 와이프할래?,noafOLYjvuo,1년 만에 비서와 대표로 만난 계약 쀼의 사내 로맨스,숏드라마는 비글루 (Vigloo),2026-03-17T03:01:01Z,54512,405,3,https://www.youtube.com/watch?v=noafOLYjvuo,@뼈다구-m8e,방송 나오지마라 티브부셔버린다😊,1.0,2026-03-22T14:47:06Z,False,False
비서할래 와이프할래?,비서할래 와이프할래?,noafOLYjvuo,1년 만에 비서와 대표로 만난 계약 쀼의 사내 로맨스,숏드라마는 비글루 (Vigloo),2026-03-17T03:01:01Z,54512,405,3,https://www.youtube.com/watch?v=noafOLYjvuo,@bongkeunlee7882,진주형?  박경이 키크고 살빠진 건줄.,0.0,2026-03-22T12:00:32Z,False,False
비서할래 와이프할래?,비서할래 와이프할래?,noafOLYjvuo,1년 만에 비서와 대표로 만난 계약 쀼의 사내 로맨스,숏드라마는 비글루 (Vigloo),2026-03-17T03:01:01Z,54512,405,3,https://www.youtube.com/watch?v=noafOLYjvuo,@박영진-i8e,비서도하고 와이프도하고 ~,1.0,2026-03-21T03:12:08Z,False,False
수상한 남편의 이중생활,수상한 남편의 이중생활,3yh0fDJ3f1k,정체가 뭐야! 쓰리잡 뛰는 수상한 남편,숏드라마는 비글루 (Vigloo),2026-04-29T08:00:04Z,57018,489,3,https://www.youtube.com/watch?v=3yh0fDJ3f1k,@ViglooKorea,"[수상한 남편의 이중생활] 비글루에서  시청하기🩵
https://vigloo.onelink.me/SrIM/doubleYB",0.0,2026-05-04T08:25:10Z,False,False
수상한 남편의 이중생활,수상한 남편의 이중생활,3yh0fDJ3f1k,정체가 뭐야! 쓰리잡 뛰는 수상한 남편,숏드라마는 비글루 (Vigloo),2026-04-29T08:00:04Z,57018,489,3,https://www.youtube.com/watch?v=3yh0fDJ3f1k,@Healthcare_Angel,이거 몇화인가요,0.0,2026-05-02T03:29:09Z,False,False
수상한 남편의 이중생활,수상한 남편의 이중생활,3yh0fDJ3f1k,정체가 뭐야! 쓰리잡 뛰는 수상한 남편,숏드라마는 비글루 (Vigloo),2026-04-29T08:00:04Z,57018,489,3,https://www.youtube.com/watch?v=3yh0fDJ3f1k,@GENESIC,우희배우 칼 들이대는 것 도 예쁘당 😉,0.0,2026-04-30T10:19:38Z,False,False
수상한 남편의 이중생활,수상한 남편의 이중생활,FUURcQ1Mss4,성상납하라고 선넘어 버리는 빌런,숏드라마는 비글루 (Vigloo),2026-05-03T00:47:50Z,55257,566,4,https://www.youtube.com/watch?v=FUURcQ1Mss4,@ViglooKorea,"[수상한 남편의 이중생활] 비글루에서  시청하기🩵
https://vigloo.onelink.me/SrIM/doubleYB",2.0,2026-05-04T08:24:49Z,False,False
수상한 남편의 이중생활,수상한 남편의 이중생활,FUURcQ1Mss4,성상납하라고 선넘어 버리는 빌런,숏드라마는 비글루 (Vigloo),2026-05-03T00:47:50Z,55257,566,4,https://www.youtube.com/watch?v=FUURcQ1Mss4,@hhhjkjb,왜 한국이 중국화되냐. ㅎㅎ,0.0,2026-05-14T01:10:16Z,False,False
수상한 남편의 이중생활,수상한 남편의 이중생활,FUURcQ1Mss4,성상납하라고 선넘어 버리는 빌런,숏드라마는 비글루 (Vigloo),2026-05-03T00:47:50Z,55257,566,4,https://www.youtube.com/watch?v=FUURcQ1Mss4,@EL-uv8wl,저 영포티같이 생긴놈 중국부자같네 ㅋㅋㅋ,0.0,2026-05-07T04:58:42Z,False,False
수상한 남편의 이중생활,수상한 남편의 이중생활,FUURcQ1Mss4,성상납하라고 선넘어 버리는 빌런,숏드라마는 비글루 (Vigloo),2026-05-03T00:47:50Z,55257,566,4,https://www.youtube.com/watch?v=FUURcQ1Mss4,@GENESIC,시원시원하다 🤩,1.0,2026-05-03T02:59:53Z,False,False
수상한 남편의 이중생활,수상한 남편의 이중생활,umk7-CihrZ4,택시 손님과의 하룻밤 [수상한 남편의 이중생활] Ep1-5,숏드라마는 비글루 (Vigloo),2026-04-23T07:00:57Z,92695,271,18,https://www.youtube.com/watch?v=umk7-CihrZ4,@윤홍준-v8z,ㅎㅎㅎㅎㅎ,1.0,2026-05-11T03:59:48Z,False,False
수상한 남편의 이중생활,수상한 남편의 이중생활,umk7-CihrZ4,택시 손님과의 하룻밤 [수상한 남편의 이중생활] Ep1-5,숏드라마는 비글루 (Vigloo),2026-04-23T07:00:57Z,92695,271,18,https://www.youtube.com/watch?v=umk7-CihrZ4,@cgk8285,질내사정의 위험성,0.0,2026-05-10T04:24:30Z,False,False
수상한 남편의 이중생활,수상한 남편의 이중생활,umk7-CihrZ4,택시 손님과의 하룻밤 [수상한 남편의 이중생활] Ep1-5,숏드라마는 비글루 (Vigloo),2026-04-23T07:00:57Z,92695,271,18,https://www.youtube.com/watch?v=umk7-CihrZ4,@krees-n5q,붕가붕가는  언제나  ❤❤❤❤입니다  😂😂😂,0.0,2026-05-09T06:44:52Z,False,False
수상한 남편의 이중생활,수상한 남편의 이중생활,umk7-CihrZ4,택시 손님과의 하룻밤 [수상한 남편의 이중생활] Ep1-5,숏드라마는 비글루 (Vigloo),2026-04-23T07:00:57Z,92695,271,18,https://www.youtube.com/watch?v=umk7-CihrZ4,@서경희-w3u,비서님 연기가 찰떡,0.0,2026-05-09T05:38:39Z,False,False
수상한 남편의 이중생활,수상한 남편의 이중생활,umk7-CihrZ4,택시 손님과의 하룻밤 [수상한 남편의 이중생활] Ep1-5,숏드라마는 비글루 (Vigloo),2026-04-23T07:00:57Z,92695,271,18,https://www.youtube.com/watch?v=umk7-CihrZ4,@n12jooljj48,어디서 본 배우 같았는데 여자배우 사내맞선에도 나왔던 달샤벳 우희 였네,0.0,2026-05-08T21:35:12Z,False,False
수상한 남편의 이중생활,수상한 남편의 이중생활,umk7-CihrZ4,택시 손님과의 하룻밤 [수상한 남편의 이중생활] Ep1-5,숏드라마는 비글루 (Vigloo),2026-04-23T07:00:57Z,92695,271,18,https://www.youtube.com/watch?v=umk7-CihrZ4,@노마드Ha-e7o,이젠 중국드라마를 따라하냐..ㅋㅋㅋ,2.0,2026-05-07T13:35:13Z,False,False
수상한 남편의 이중생활,수상한 남편의 이중생활,umk7-CihrZ4,택시 손님과의 하룻밤 [수상한 남편의 이중생활] Ep1-5,숏드라마는 비글루 (Vigloo),2026-04-23T07:00:57Z,92695,271,18,https://www.youtube.com/watch?v=umk7-CihrZ4,@모던가이-c8d,남자가 잘생기면 어쩔수없음~ 여자가 알아서 먼저 취한척함.. 그러면 남자는 그냥 모텔로 데려가기만 하면 됨~!! 여자도 같이 잘거라는거 이미 알고 있음..;; 근데 남자가 마음에 안들면.. 같이 술마셔도 정신 똑바로 차리고.. 결국 집에 감~;;,0.0,2026-05-07T06:00:39Z,False,False
수상한 남편의 이중생활,수상한 남편의 이중생활,umk7-CihrZ4,택시 손님과의 하룻밤 [수상한 남편의 이중생활] Ep1-5,숏드라마는 비글루 (Vigloo),2026-04-23T07:00:57Z,92695,271,18,https://www.youtube.com/watch?v=umk7-CihrZ4,@롤시언,썸네일에 약에 취했다는데 마약에 취한 여성과 하룻밤을 지낸겁니까? 이거 범죄아닌가요?,1.0,2026-05-06T20:58:15Z,False,False
수상한 남편의 이중생활,수상한 남편의 이중생활,umk7-CihrZ4,택시 손님과의 하룻밤 [수상한 남편의 이중생활] Ep1-5,숏드라마는 비글루 (Vigloo),2026-04-23T07:00:57Z,92695,271,18,https://www.youtube.com/watch?v=umk7-CihrZ4,@황금이트리오,왜 재밌지,0.0,2026-05-06T04:49:12Z,True,False
수상한 남편의 이중생활,수상한 남편의 이중생활,umk7-CihrZ4,택시 손님과의 하룻밤 [수상한 남편의 이중생활] Ep1-5,숏드라마는 비글루 (Vigloo),2026-04-23T07:00:57Z,92695,271,18,https://www.youtube.com/watch?v=umk7-CihrZ4,@잠실의아침,Ai.... ㅋㅋㅋ,1.0,2026-05-05T07:05:32Z,False,False
수상한 남편의 이중생활,수상한 남편의 이중생활,xORqMWRf4FE,"내 딸 눈에 눈물 나게 한 놈들, 다 각오해",숏드라마는 비글루 (Vigloo),2026-05-12T23:01:04Z,21744,270,0,https://www.youtube.com/watch?v=xORqMWRf4FE,,,,,False,False
수상한 남편의 이중생활,수상한 남편의 이중생활,Tcd_Vdh90tA,가난하다 비난 받던 남편의 진짜 신분?,숏드라마는 비글루 (Vigloo),2026-05-03T06:00:22Z,67916,533,6,https://www.youtube.com/watch?v=Tcd_Vdh90tA,@ViglooKorea,"[수상한 남편의 이중생활] 비글루에서  시청하기🩵
https://vigloo.onelink.me/SrIM/doubleYB",4.0,2026-05-04T08:24:33Z,False,False
수상한 남편의 이중생활,수상한 남편의 이중생활,Tcd_Vdh90tA,가난하다 비난 받던 남편의 진짜 신분?,숏드라마는 비글루 (Vigloo),2026-05-03T06:00:22Z,67916,533,6,https://www.youtube.com/watch?v=Tcd_Vdh90tA,@hhhjkjb,너무살살때렷어. 한방에 손바닥으로 아굴창에서 피가나게 때렷어야지.,0.0,2026-05-14T01:12:54Z,False,False
수상한 남편의 이중생활,수상한 남편의 이중생활,Tcd_Vdh90tA,가난하다 비난 받던 남편의 진짜 신분?,숏드라마는 비글루 (Vigloo),2026-05-03T06:00:22Z,67916,533,6,https://www.youtube.com/watch?v=Tcd_Vdh90tA,@오순철-c8p,"이런 쇼츠도 중국 따라 가는구만
불쌍타 불쌍해 아이디어가 이렇게없나",1.0,2026-05-12T02:16:10Z,False,False
수상한 남편의 이중생활,수상한 남편의 이중생활,Tcd_Vdh90tA,가난하다 비난 받던 남편의 진짜 신분?,숏드라마는 비글루 (Vigloo),2026-05-03T06:00:22Z,67916,533,6,https://www.youtube.com/watch?v=Tcd_Vdh90tA,@HJ921-i,"구니까 암만 막장이어도 
애기한테 ;;",1.0,2026-05-09T00:43:31Z,False,False
수상한 남편의 이중생활,수상한 남편의 이중생활,Tcd_Vdh90tA,가난하다 비난 받던 남편의 진짜 신분?,숏드라마는 비글루 (Vigloo),2026-05-03T06:00:22Z,67916,533,6,https://www.youtube.com/watch?v=Tcd_Vdh90tA,@나인성-j9l,❤️,0.0,2026-05-05T05:07:34Z,False,False
수상한 남편의 이중생활,수상한 남편의 이중생활,3Xlgp8Tko6s,"5년 전 원나잇의 그녀, 딸과 함께 찾아왔다",숏드라마는 비글루 (Vigloo),2026-04-27T04:48:17Z,48735,197,13,https://www.youtube.com/watch?v=3Xlgp8Tko6s,@JK-bm6im,스토리를 중국 작가가 썼나. 너무 하잖아. 이런거 만들어 놓고 돈 받으려하다니.,0.0,2026-05-15T00:48:48Z,False,False
수상한 남편의 이중생활,수상한 남편의 이중생활,3Xlgp8Tko6s,"5년 전 원나잇의 그녀, 딸과 함께 찾아왔다",숏드라마는 비글루 (Vigloo),2026-04-27T04:48:17Z,48735,197,13,https://www.youtube.com/watch?v=3Xlgp8Tko6s,@유희상-z7t,"천공이 나라를 해먹으려고 설치더니 여기저기서 무당들이 활약을 하는 구만?..
실제로 기업들이 무당들에게 엄청난 돈을 갖다 바친다는 것은 현실..",0.0,2026-05-08T08:01:23Z,False,False
수상한 남편의 이중생활,수상한 남편의 이중생활,3Xlgp8Tko6s,"5년 전 원나잇의 그녀, 딸과 함께 찾아왔다",숏드라마는 비글루 (Vigloo),2026-04-27T04:48:17Z,48735,197,13,https://www.youtube.com/watch?v=3Xlgp8Tko6s,@Z-t7d7v,4:01 할아버지 뭔 다운증후군 있냐,0.0,2026-05-05T00:21:55Z,False,False
수상한 남편의 이중생활,수상한 남편의 이중생활,3Xlgp8Tko6s,"5년 전 원나잇의 그녀, 딸과 함께 찾아왔다",숏드라마는 비글루 (Vigloo),2026-04-27T04:48:17Z,48735,197,13,https://www.youtube.com/watch?v=3Xlgp8Tko6s,@수수깡-i5v,뒷이야기 무료로 못봄?,0.0,2026-05-01T03:07:41Z,False,False
수상한 남편의 이중생활,수상한 남편의 이중생활,3Xlgp8Tko6s,"5년 전 원나잇의 그녀, 딸과 함께 찾아왔다",숏드라마는 비글루 (Vigloo),2026-04-27T04:48:17Z,48735,197,13,https://www.youtube.com/watch?v=3Xlgp8Tko6s,@한계령-y2k,쥴리엄마,0.0,2026-04-29T06:56:40Z,False,False
수상한 남편의 이중생활,수상한 남편의 이중생활,3Xlgp8Tko6s,"5년 전 원나잇의 그녀, 딸과 함께 찾아왔다",숏드라마는 비글루 (Vigloo),2026-04-27T04:48:17Z,48735,197,13,https://www.youtube.com/watch?v=3Xlgp8Tko6s,@고슴도치-w1e,이거보려고 비글루 광고 다봄,8.0,2026-04-29T05:43:15Z,False,False
수상한 남편의 이중생활,수상한 남편의 이중생활,3Xlgp8Tko6s,"5년 전 원나잇의 그녀, 딸과 함께 찾아왔다",숏드라마는 비글루 (Vigloo),2026-04-27T04:48:17Z,48735,197,13,https://www.youtube.com/watch?v=3Xlgp8Tko6s,@syK-p2e,배우희 보려고 여기까지 오게 되네 아.............. 비글루 결제하기엔 너무 비싸고 염병할......,2.0,2026-04-28T09:17:49Z,False,False
수상한 남편의 이중생활,수상한 남편의 이중생활,3Xlgp8Tko6s,"5년 전 원나잇의 그녀, 딸과 함께 찾아왔다",숏드라마는 비글루 (Vigloo),2026-04-27T04:48:17Z,48735,197,13,https://www.youtube.com/watch?v=3Xlgp8Tko6s,@이연숙-n7h,"미친소리하네 ㅠㅠ
짱나",1.0,2026-04-28T05:05:14Z,False,False
수상한 남편의 이중생활,수상한 남편의 이중생활,3Xlgp8Tko6s,"5년 전 원나잇의 그녀, 딸과 함께 찾아왔다",숏드라마는 비글루 (Vigloo),2026-04-27T04:48:17Z,48735,197,13,https://www.youtube.com/watch?v=3Xlgp8Tko6s,@GENESIC,우희배우 열연 (⁎⁍̴̆Ɛ⁍̴̆⁎),1.0,2026-04-27T06:18:26Z,False,False
수상한 남편의 이중생활,수상한 남편의 이중생활,3Xlgp8Tko6s,"5년 전 원나잇의 그녀, 딸과 함께 찾아왔다",숏드라마는 비글루 (Vigloo),2026-04-27T04:48:17Z,48735,197,13,https://www.youtube.com/watch?v=3Xlgp8Tko6s,@한예서-p6z,아무 일도 아닌데 나만 설레는 중…,2.0,2026-04-27T04:58:49Z,False,False
수상한 남편의 이중생활,수상한 남편의 이중생활,7WQCnNo-Y8g,누가 내 아들보고 거지래? 최종 보스 회장 할배 등장,숏드라마는 비글루 (Vigloo),2026-05-08T23:00:07Z,62844,637,2,https://www.youtube.com/watch?v=7WQCnNo-Y8g,@ViglooKorea,"[수상한 남편의 이중생활] 비글루에서 시청하기🩵
https://vigloo.onelink.me/SrIM/doubleYB",1.0,2026-05-11T04:58:33Z,False,False
수상한 남편의 이중생활,수상한 남편의 이중생활,7WQCnNo-Y8g,누가 내 아들보고 거지래? 최종 보스 회장 할배 등장,숏드라마는 비글루 (Vigloo),2026-05-08T23:00:07Z,62844,637,2,https://www.youtube.com/watch?v=7WQCnNo-Y8g,@skavehong377,"스토리가 전부 중국식이야..
하나같이 똑 같네.",0.0,2026-05-14T10:00:41Z,False,False
수상한 남편의 이중생활,수상한 남편의 이중생활,OfT3vySr7Y4,"악귀라 여긴 사생아, 알고보니 재벌의 손녀?",숏드라마는 비글루 (Vigloo),2026-05-04T11:00:39Z,37129,381,1,https://www.youtube.com/watch?v=OfT3vySr7Y4,@ViglooKorea,"[수상한 남편의 이중생활] 비글루에서 시청하기🩵
https://vigloo.onelink.me/SrIM/doubleYB",0.0,2026-05-08T03:21:11Z,False,False
수상한 남편의 이중생활,수상한 남편의 이중생활,bStxElfGQGc,쓰리잡 뛰던 가난한 남편의 진짜 직업,숏드라마는 비글루 (Vigloo),2026-05-06T08:00:38Z,24458,217,2,https://www.youtube.com/watch?v=bStxElfGQGc,@ViglooKorea,"[수상한 남편의 이중생활] 비글루에서 시청하기🩵
https://vigloo.onelink.me/SrIM/doubleYB",0.0,2026-05-06T09:58:56Z,False,False
수상한 남편의 이중생활,수상한 남편의 이중생활,bStxElfGQGc,쓰리잡 뛰던 가난한 남편의 진짜 직업,숏드라마는 비글루 (Vigloo),2026-05-06T08:00:38Z,24458,217,2,https://www.youtube.com/watch?v=bStxElfGQGc,@beyourself113,어이쿠 ㅈㄹ도 풍년 인가😂 재벌...재벌..,0.0,2026-05-06T11:01:33Z,False,False
수상한 남편의 이중생활,수상한 남편의 이중생활,X8aB5cj_PL0,처음 본 애가 절 '아빠'라고 부릅니다,숏드라마는 비글루 (Vigloo),2026-04-27T05:00:35Z,39326,509,3,https://www.youtube.com/watch?v=X8aB5cj_PL0,@ViglooKorea,"[수상한 남편의 이중생활] 비글루에서 시청하기 🩵
https://vigloo.onelink.me/SrIM/doubleYB",5.0,2026-04-27T05:19:05Z,False,False
수상한 남편의 이중생활,수상한 남편의 이중생활,X8aB5cj_PL0,처음 본 애가 절 '아빠'라고 부릅니다,숏드라마는 비글루 (Vigloo),2026-04-27T05:00:35Z,39326,509,3,https://www.youtube.com/watch?v=X8aB5cj_PL0,@GENESIC,꼬마야 엄마가 굉장한 미녀시구나 😉,0.0,2026-04-27T06:22:04Z,False,False
수상한 남편의 이중생활,수상한 남편의 이중생활,X8aB5cj_PL0,처음 본 애가 절 '아빠'라고 부릅니다,숏드라마는 비글루 (Vigloo),2026-04-27T05:00:35Z,39326,509,3,https://www.youtube.com/watch?v=X8aB5cj_PL0,@한예서-p6z,이 집 서비스 미쳤네 얼굴이 메인메뉴,1.0,2026-04-27T05:09:12Z,False,False
오늘 한류스타와 이혼하겠습니다,오늘 한류스타와 이혼하겠습니다,sxlx3iX6Hqw,다이아 수저였던 며느리의 신분이 밝혀지는데...[오늘 한류스타와 이혼하겠습니다],숏드라마는 비글루 (Vigloo),2026-03-12T01:20:02Z,41939,173,4,https://www.youtube.com/watch?v=sxlx3iX6Hqw,@손혜현-j9c,엄지원 엄마 치매 욱 쉬는 시간 되면,0.0,2026-04-21T01:54:44Z,False,False
오늘 한류스타와 이혼하겠습니다,오늘 한류스타와 이혼하겠습니다,sxlx3iX6Hqw,다이아 수저였던 며느리의 신분이 밝혀지는데...[오늘 한류스타와 이혼하겠습니다],숏드라마는 비글루 (Vigloo),2026-03-12T01:20:02Z,41939,173,4,https://www.youtube.com/watch?v=sxlx3iX6Hqw,@김채연-z5f7l,최 현 연기 완전....어후...,1.0,2026-04-09T20:14:30Z,False,False
오늘 한류스타와 이혼하겠습니다,오늘 한류스타와 이혼하겠습니다,sxlx3iX6Hqw,다이아 수저였던 며느리의 신분이 밝혀지는데...[오늘 한류스타와 이혼하겠습니다],숏드라마는 비글루 (Vigloo),2026-03-12T01:20:02Z,41939,173,4,https://www.youtube.com/watch?v=sxlx3iX6Hqw,@피노키오-m2f1r,대한민국이 중국드라마  따라하기도 하는구나~,2.0,2026-04-05T11:36:36Z,False,False
오늘 한류스타와 이혼하겠습니다,오늘 한류스타와 이혼하겠습니다,sxlx3iX6Hqw,다이아 수저였던 며느리의 신분이 밝혀지는데...[오늘 한류스타와 이혼하겠습니다],숏드라마는 비글루 (Vigloo),2026-03-12T01:20:02Z,41939,173,4,https://www.youtube.com/watch?v=sxlx3iX6Hqw,@cat-dd6gx,올빽머리 연기 왜이렇게 못하냥,0.0,2026-03-21T21:59:37Z,False,False
오늘 한류스타와 이혼하겠습니다,오늘 한류스타와 이혼하겠습니다,N5EhNLr-eg4,[오늘 한류스타와 이혼하겠습니다] Ep.1-5,숏드라마는 비글루 (Vigloo),2026-01-16T08:00:27Z,90330,321,8,https://www.youtube.com/watch?v=N5EhNLr-eg4,@ViglooKorea,"🩵비글루에서 무료 에피소드 시청하기🩵
https://vigloo.onelink.me/SrIM/divorcestar",0.0,2026-01-19T08:00:27Z,False,False
오늘 한류스타와 이혼하겠습니다,오늘 한류스타와 이혼하겠습니다,N5EhNLr-eg4,[오늘 한류스타와 이혼하겠습니다] Ep.1-5,숏드라마는 비글루 (Vigloo),2026-01-16T08:00:27Z,90330,321,8,https://www.youtube.com/watch?v=N5EhNLr-eg4,@손혜현-j9c,엄지원 엄마 치매 욱 쉬고 있어 ㅋㅋ,0.0,2026-04-21T02:00:20Z,False,False
오늘 한류스타와 이혼하겠습니다,오늘 한류스타와 이혼하겠습니다,N5EhNLr-eg4,[오늘 한류스타와 이혼하겠습니다] Ep.1-5,숏드라마는 비글루 (Vigloo),2026-01-16T08:00:27Z,90330,321,8,https://www.youtube.com/watch?v=N5EhNLr-eg4,@권오희-u5h,평택시 .피눈물을,0.0,2026-03-07T04:28:15Z,False,False
오늘 한류스타와 이혼하겠습니다,오늘 한류스타와 이혼하겠습니다,N5EhNLr-eg4,[오늘 한류스타와 이혼하겠습니다] Ep.1-5,숏드라마는 비글루 (Vigloo),2026-01-16T08:00:27Z,90330,321,8,https://www.youtube.com/watch?v=N5EhNLr-eg4,@박다영-u5g,재미나게 잘봤습니다,0.0,2026-01-30T08:41:25Z,False,False
오늘 한류스타와 이혼하겠습니다,오늘 한류스타와 이혼하겠습니다,N5EhNLr-eg4,[오늘 한류스타와 이혼하겠습니다] Ep.1-5,숏드라마는 비글루 (Vigloo),2026-01-16T08:00:27Z,90330,321,8,https://www.youtube.com/watch?v=N5EhNLr-eg4,@zhoooni_529,유튜브에 이렇게 올려주니까 너무 좋아요!!😊,15.0,2026-01-28T11:30:38Z,True,False
오늘 한류스타와 이혼하겠습니다,오늘 한류스타와 이혼하겠습니다,N5EhNLr-eg4,[오늘 한류스타와 이혼하겠습니다] Ep.1-5,숏드라마는 비글루 (Vigloo),2026-01-16T08:00:27Z,90330,321,8,https://www.youtube.com/watch?v=N5EhNLr-eg4,@mingoolalla,레오제이랑 닮았다앙,0.0,2026-01-21T09:55:50Z,False,False
오늘 한류스타와 이혼하겠습니다,오늘 한류스타와 이혼하겠습니다,N5EhNLr-eg4,[오늘 한류스타와 이혼하겠습니다] Ep.1-5,숏드라마는 비글루 (Vigloo),2026-01-16T08:00:27Z,90330,321,8,https://www.youtube.com/watch?v=N5EhNLr-eg4,@saganlee,최고다 최고,0.0,2026-01-20T17:03:48Z,False,False
오늘 한류스타와 이혼하겠습니다,오늘 한류스타와 이혼하겠습니다,N5EhNLr-eg4,[오늘 한류스타와 이혼하겠습니다] Ep.1-5,숏드라마는 비글루 (Vigloo),2026-01-16T08:00:27Z,90330,321,8,https://www.youtube.com/watch?v=N5EhNLr-eg4,@utshxwaqeyjklpiuytreeewqq,Tgg,0.0,2026-01-16T12:32:42Z,False,False
오늘 한류스타와 이혼하겠습니다,오늘 한류스타와 이혼하겠습니다,q0ajxWfn0Bw,우리 이혼해 [오늘 한류스타와 이혼하겠습니다] Ep.6-10,숏드라마는 비글루 (Vigloo),2026-01-16T08:01:20Z,92354,288,10,https://www.youtube.com/watch?v=q0ajxWfn0Bw,@ViglooKorea,"🩵비글루에서 무료 에피소드 시청하기🩵
https://vigloo.onelink.me/SrIM/divorcestar",5.0,2026-01-19T08:00:04Z,False,False
오늘 한류스타와 이혼하겠습니다,오늘 한류스타와 이혼하겠습니다,q0ajxWfn0Bw,우리 이혼해 [오늘 한류스타와 이혼하겠습니다] Ep.6-10,숏드라마는 비글루 (Vigloo),2026-01-16T08:01:20Z,92354,288,10,https://www.youtube.com/watch?v=q0ajxWfn0Bw,@손혜현-j9c,오현경 옥치미 첫번째 남자 친구 집에,0.0,2026-04-26T23:57:56Z,False,False
오늘 한류스타와 이혼하겠습니다,오늘 한류스타와 이혼하겠습니다,q0ajxWfn0Bw,우리 이혼해 [오늘 한류스타와 이혼하겠습니다] Ep.6-10,숏드라마는 비글루 (Vigloo),2026-01-16T08:01:20Z,92354,288,10,https://www.youtube.com/watch?v=q0ajxWfn0Bw,@손혜현-j9c,엄지원 엄마 치매 욱 쉬고 내일 또,0.0,2026-04-26T23:57:48Z,False,False
오늘 한류스타와 이혼하겠습니다,오늘 한류스타와 이혼하겠습니다,q0ajxWfn0Bw,우리 이혼해 [오늘 한류스타와 이혼하겠습니다] Ep.6-10,숏드라마는 비글루 (Vigloo),2026-01-16T08:01:20Z,92354,288,10,https://www.youtube.com/watch?v=q0ajxWfn0Bw,@손혜현-j9c,엄지원 엄마 치매 욕 많이 많이,0.0,2026-04-21T01:51:17Z,False,False
오늘 한류스타와 이혼하겠습니다,오늘 한류스타와 이혼하겠습니다,q0ajxWfn0Bw,우리 이혼해 [오늘 한류스타와 이혼하겠습니다] Ep.6-10,숏드라마는 비글루 (Vigloo),2026-01-16T08:01:20Z,92354,288,10,https://www.youtube.com/watch?v=q0ajxWfn0Bw,@hwangbok.r1424,이따위 막장으로 장난치냐,1.0,2026-03-09T05:28:44Z,False,False
오늘 한류스타와 이혼하겠습니다,오늘 한류스타와 이혼하겠습니다,q0ajxWfn0Bw,우리 이혼해 [오늘 한류스타와 이혼하겠습니다] Ep.6-10,숏드라마는 비글루 (Vigloo),2026-01-16T08:01:20Z,92354,288,10,https://www.youtube.com/watch?v=q0ajxWfn0Bw,@새벽-g7i,너무 재밌네요,1.0,2026-02-09T23:32:33Z,True,False
오늘 한류스타와 이혼하겠습니다,오늘 한류스타와 이혼하겠습니다,q0ajxWfn0Bw,우리 이혼해 [오늘 한류스타와 이혼하겠습니다] Ep.6-10,숏드라마는 비글루 (Vigloo),2026-01-16T08:01:20Z,92354,288,10,https://www.youtube.com/watch?v=q0ajxWfn0Bw,@새벽-g7i,❤❤,1.0,2026-02-09T23:32:23Z,False,False
오늘 한류스타와 이혼하겠습니다,오늘 한류스타와 이혼하겠습니다,q0ajxWfn0Bw,우리 이혼해 [오늘 한류스타와 이혼하겠습니다] Ep.6-10,숏드라마는 비글루 (Vigloo),2026-01-16T08:01:20Z,92354,288,10,https://www.youtube.com/watch?v=q0ajxWfn0Bw,@Blackkongdoyou,강현엄마는 왜 중국옷입고 있냐ㅋㅋㅋ중국스파이가 기업에 계시네,0.0,2026-02-07T22:06:29Z,False,False
오늘 한류스타와 이혼하겠습니다,오늘 한류스타와 이혼하겠습니다,q0ajxWfn0Bw,우리 이혼해 [오늘 한류스타와 이혼하겠습니다] Ep.6-10,숏드라마는 비글루 (Vigloo),2026-01-16T08:01:20Z,92354,288,10,https://www.youtube.com/watch?v=q0ajxWfn0Bw,@saganlee,😍,1.0,2026-01-24T04:10:14Z,False,False
오늘 한류스타와 이혼하겠습니다,오늘 한류스타와 이혼하겠습니다,q0ajxWfn0Bw,우리 이혼해 [오늘 한류스타와 이혼하겠습니다] Ep.6-10,숏드라마는 비글루 (Vigloo),2026-01-16T08:01:20Z,92354,288,10,https://www.youtube.com/watch?v=q0ajxWfn0Bw,@utshxwaqeyjklpiuytreeewqq,❤,1.0,2026-01-16T12:27:10Z,False,False
오늘 한류스타와 이혼하겠습니다,오늘 한류스타와 이혼하겠습니다,OMrPQmsO-8A,며느리 협박하는 막장 시엄니 최후,숏드라마는 비글루 (Vigloo),2026-01-23T08:00:22Z,1605454,16131,36,https://www.youtube.com/watch?v=OMrPQmsO-8A,@김근혜-l8t,지랄도풍년이네😂😂😂,0.0,2026-04-05T10:12:55Z,False,False
오늘 한류스타와 이혼하겠습니다,오늘 한류스타와 이혼하겠습니다,OMrPQmsO-8A,며느리 협박하는 막장 시엄니 최후,숏드라마는 비글루 (Vigloo),2026-01-23T08:00:22Z,1605454,16131,36,https://www.youtube.com/watch?v=OMrPQmsO-8A,@박옥자-n7w,며느리는 가사노동한겁아라라,0.0,2026-04-02T08:03:17Z,False,False
오늘 한류스타와 이혼하겠습니다,오늘 한류스타와 이혼하겠습니다,OMrPQmsO-8A,며느리 협박하는 막장 시엄니 최후,숏드라마는 비글루 (Vigloo),2026-01-23T08:00:22Z,1605454,16131,36,https://www.youtube.com/watch?v=OMrPQmsO-8A,@CaptainNooo,더런놈의집구석이네,1.0,2026-03-18T04:13:52Z,False,False
오늘 한류스타와 이혼하겠습니다,오늘 한류스타와 이혼하겠습니다,OMrPQmsO-8A,며느리 협박하는 막장 시엄니 최후,숏드라마는 비글루 (Vigloo),2026-01-23T08:00:22Z,1605454,16131,36,https://www.youtube.com/watch?v=OMrPQmsO-8A,@곰돌이미정,다음부터요,2.0,2026-03-16T08:27:30Z,False,False
오늘 한류스타와 이혼하겠습니다,오늘 한류스타와 이혼하겠습니다,OMrPQmsO-8A,며느리 협박하는 막장 시엄니 최후,숏드라마는 비글루 (Vigloo),2026-01-23T08:00:22Z,1605454,16131,36,https://www.youtube.com/watch?v=OMrPQmsO-8A,@고호선-q3n,저런엄마혼내줘라,5.0,2026-03-10T08:03:22Z,False,False
오늘 한류스타와 이혼하겠습니다,오늘 한류스타와 이혼하겠습니다,OMrPQmsO-8A,며느리 협박하는 막장 시엄니 최후,숏드라마는 비글루 (Vigloo),2026-01-23T08:00:22Z,1605454,16131,36,https://www.youtube.com/watch?v=OMrPQmsO-8A,@김인자-b4e,드라미 어디서하나요,4.0,2026-03-09T11:51:10Z,False,False
오늘 한류스타와 이혼하겠습니다,오늘 한류스타와 이혼하겠습니다,OMrPQmsO-8A,며느리 협박하는 막장 시엄니 최후,숏드라마는 비글루 (Vigloo),2026-01-23T08:00:22Z,1605454,16131,36,https://www.youtube.com/watch?v=OMrPQmsO-8A,@하나님말씀의검,"제주도에도가게찾아와때리고
시비방해하는악행할망구들도많다",4.0,2026-03-07T12:48:22Z,False,False
오늘 한류스타와 이혼하겠습니다,오늘 한류스타와 이혼하겠습니다,OMrPQmsO-8A,며느리 협박하는 막장 시엄니 최후,숏드라마는 비글루 (Vigloo),2026-01-23T08:00:22Z,1605454,16131,36,https://www.youtube.com/watch?v=OMrPQmsO-8A,@이금옥-t8o,중국 그레케 하나부지,0.0,2026-03-06T13:42:26Z,False,False
오늘 한류스타와 이혼하겠습니다,오늘 한류스타와 이혼하겠습니다,OMrPQmsO-8A,며느리 협박하는 막장 시엄니 최후,숏드라마는 비글루 (Vigloo),2026-01-23T08:00:22Z,1605454,16131,36,https://www.youtube.com/watch?v=OMrPQmsO-8A,@해뜨는집-s,저질들.,0.0,2026-03-06T10:29:10Z,False,False
오늘 한류스타와 이혼하겠습니다,오늘 한류스타와 이혼하겠습니다,OMrPQmsO-8A,며느리 협박하는 막장 시엄니 최후,숏드라마는 비글루 (Vigloo),2026-01-23T08:00:22Z,1605454,16131,36,https://www.youtube.com/watch?v=OMrPQmsO-8A,@김선녀-y6n,😊😊😊😊😊😊😊😊😊😊😊😊😊😊😊,2.0,2026-03-05T03:13:51Z,False,False
오늘 한류스타와 이혼하겠습니다,오늘 한류스타와 이혼하겠습니다,Rr3m1UN5GwI,연예인병은 약도 없다는데..,숏드라마는 비글루 (Vigloo),2026-01-19T10:00:41Z,95971,699,5,https://www.youtube.com/watch?v=Rr3m1UN5GwI,@ViglooKorea,"🩵비글루에서 무료 에피소드 시청하기🩵
https://vigloo.onelink.me/SrIM/divorcestar",0.0,2026-01-20T04:58:41Z,False,False
오늘 한류스타와 이혼하겠습니다,오늘 한류스타와 이혼하겠습니다,Rr3m1UN5GwI,연예인병은 약도 없다는데..,숏드라마는 비글루 (Vigloo),2026-01-19T10:00:41Z,95971,699,5,https://www.youtube.com/watch?v=Rr3m1UN5GwI,@최주희-d7k,현아  사생아생활이군,0.0,2026-02-02T01:11:21Z,False,False
오늘 한류스타와 이혼하겠습니다,오늘 한류스타와 이혼하겠습니다,Rr3m1UN5GwI,연예인병은 약도 없다는데..,숏드라마는 비글루 (Vigloo),2026-01-19T10:00:41Z,95971,699,5,https://www.youtube.com/watch?v=Rr3m1UN5GwI,@남도리아선생임다,최현 ㅅㅂ....,0.0,2026-02-01T00:12:49Z,False,False
오늘 한류스타와 이혼하겠습니다,오늘 한류스타와 이혼하겠습니다,Rr3m1UN5GwI,연예인병은 약도 없다는데..,숏드라마는 비글루 (Vigloo),2026-01-19T10:00:41Z,95971,699,5,https://www.youtube.com/watch?v=Rr3m1UN5GwI,@saganlee,❤,0.0,2026-01-24T04:34:57Z,False,False
오늘 한류스타와 이혼하겠습니다,오늘 한류스타와 이혼하겠습니다,Rr3m1UN5GwI,연예인병은 약도 없다는데..,숏드라마는 비글루 (Vigloo),2026-01-19T10:00:41Z,95971,699,5,https://www.youtube.com/watch?v=Rr3m1UN5GwI,@박순애-i5f,"좀 떳다 시건방만늘면
곧 나락으로 떨어지지
인성이 글러먹은 쪼무래기",0.0,2026-01-23T03:01:09Z,False,False
오늘 한류스타와 이혼하겠습니다,오늘 한류스타와 이혼하겠습니다,kLAgbygp_rY,바람피운 남편 + 시어머니 + 불륜녀,숏드라마는 비글루 (Vigloo),2026-01-22T08:48:33Z,85161,896,5,https://www.youtube.com/watch?v=kLAgbygp_rY,@김해련-u2l,꼬시다,0.0,2026-04-16T18:58:13Z,False,False
오늘 한류스타와 이혼하겠습니다,오늘 한류스타와 이혼하겠습니다,kLAgbygp_rY,바람피운 남편 + 시어머니 + 불륜녀,숏드라마는 비글루 (Vigloo),2026-01-22T08:48:33Z,85161,896,5,https://www.youtube.com/watch?v=kLAgbygp_rY,@JongsuPark-z7r,"중국은 이런걸 왜이리 좋아해 ㅋ
관계자가 맞다는데 그럴리없어 못믿어 이럼서  질질끄는게 기본옵션",1.0,2026-03-27T18:55:58Z,True,False
오늘 한류스타와 이혼하겠습니다,오늘 한류스타와 이혼하겠습니다,kLAgbygp_rY,바람피운 남편 + 시어머니 + 불륜녀,숏드라마는 비글루 (Vigloo),2026-01-22T08:48:33Z,85161,896,5,https://www.youtube.com/watch?v=kLAgbygp_rY,@saganlee,1타3피 🤣,4.0,2026-01-26T06:15:52Z,False,False
오늘 한류스타와 이혼하겠습니다,오늘 한류스타와 이혼하겠습니다,kLAgbygp_rY,바람피운 남편 + 시어머니 + 불륜녀,숏드라마는 비글루 (Vigloo),2026-01-22T08:48:33Z,85161,896,5,https://www.youtube.com/watch?v=kLAgbygp_rY,@벗-o6u4w,"이래서  남편 때문에  참아 주면  이런일이 생긴다  또한  신분을
숨기면  사랑에  미치면 이런대접 받는다  일반적인 사랑 은",5.0,2026-01-26T01:16:36Z,False,False
오늘 한류스타와 이혼하겠습니다,오늘 한류스타와 이혼하겠습니다,kLAgbygp_rY,바람피운 남편 + 시어머니 + 불륜녀,숏드라마는 비글루 (Vigloo),2026-01-22T08:48:33Z,85161,896,5,https://www.youtube.com/watch?v=kLAgbygp_rY,@박순애-i5f,"저 시애미 딸랑이 옆에
있는 신인 어떻게 케스
팅됐지? 영 아닌데 😢
시애미가 연기는잘해
중국사람같다 완전히",0.0,2026-01-23T01:25:53Z,False,False
오늘 한류스타와 이혼하겠습니다,오늘 한류스타와 이혼하겠습니다,YX4hP0K51sA,"둘이 좋을 땐 언제고, 결혼은 아니라고?",숏드라마는 비글루 (Vigloo),2026-02-05T08:56:13Z,36855,359,2,https://www.youtube.com/watch?v=YX4hP0K51sA,@ViglooKorea,"[오늘 한류스타와 이혼하겠습니다] 시청하기🩵
https://vigloo.onelink.me/SrIM/divorcestar",0.0,2026-02-05T08:56:28Z,False,False
오늘 한류스타와 이혼하겠습니다,오늘 한류스타와 이혼하겠습니다,YX4hP0K51sA,"둘이 좋을 땐 언제고, 결혼은 아니라고?",숏드라마는 비글루 (Vigloo),2026-02-05T08:56:13Z,36855,359,2,https://www.youtube.com/watch?v=YX4hP0K51sA,@saganlee,❤❤❤❤❤,0.0,2026-02-06T00:45:44Z,False,False
장녀 결혼 일기,장녀 결혼 일기,yvduruKlVdo,자식을 ATM으로 보던 부모의 최후 #장녀결혼일기,숏드라마는 비글루 (Vigloo),2026-01-28T08:01:08Z,140280,1802,5,https://www.youtube.com/watch?v=yvduruKlVdo,@ViglooKorea,"🩵비글루에서 무료 에피소드 시청하기🩵
https://vigloo.onelink.me/SrIM/krytcm",5.0,2026-01-29T05:19:04Z,False,False
장녀 결혼 일기,장녀 결혼 일기,yvduruKlVdo,자식을 ATM으로 보던 부모의 최후 #장녀결혼일기,숏드라마는 비글루 (Vigloo),2026-01-28T08:01:08Z,140280,1802,5,https://www.youtube.com/watch?v=yvduruKlVdo,@morningshine8432,작가와 감독과 사업주 모두 중꿔런?,0.0,2026-04-19T05:31:10Z,False,False
장녀 결혼 일기,장녀 결혼 일기,yvduruKlVdo,자식을 ATM으로 보던 부모의 최후 #장녀결혼일기,숏드라마는 비글루 (Vigloo),2026-01-28T08:01:08Z,140280,1802,5,https://www.youtube.com/watch?v=yvduruKlVdo,@helendraves,이런 류 kdrama 다 중국회사가 만드는 짝퉁 K drama. 한국인 배우들 (무명) 섭외해서 다 똑같은 막장. 재벌+빈민+탄생의 비밀 +폭력,2.0,2026-03-28T18:07:01Z,False,False
장녀 결혼 일기,장녀 결혼 일기,yvduruKlVdo,자식을 ATM으로 보던 부모의 최후 #장녀결혼일기,숏드라마는 비글루 (Vigloo),2026-01-28T08:01:08Z,140280,1802,5,https://www.youtube.com/watch?v=yvduruKlVdo,@paradox-q4e,중국꺼 따라하기?,3.0,2026-01-31T07:04:07Z,False,False
장녀 결혼 일기,장녀 결혼 일기,yvduruKlVdo,자식을 ATM으로 보던 부모의 최후 #장녀결혼일기,숏드라마는 비글루 (Vigloo),2026-01-28T08:01:08Z,140280,1802,5,https://www.youtube.com/watch?v=yvduruKlVdo,@94sqwe,"중국 숏드라마에도 황제가 신분 숨기면서 빌런들 참교육 해주는  똑같은 막장스토리가 있어서 한국판이라 다 보긴 했는데
여주가 진짜 줘패고 싶더라 ㅋㅋㅋㅋ",14.0,2026-01-30T09:31:57Z,False,False
장녀 결혼 일기,장녀 결혼 일기,iRKh_PDeWu0,돈 없다던 남편. 서울 자가에 40평 아파트? [장녀 결혼 일기] Ep.4-8,숏드라마는 비글루 (Vigloo),2025-12-24T07:03:00Z,101810,365,12,https://www.youtube.com/watch?v=iRKh_PDeWu0,@김영인-z4b,"에이, 개소리를 올려. 이거 중국 짝퉁? 이런것 좀 올리지 마라,  C 8 ~^^",0.0,2026-04-05T07:28:34Z,False,False
장녀 결혼 일기,장녀 결혼 일기,iRKh_PDeWu0,돈 없다던 남편. 서울 자가에 40평 아파트? [장녀 결혼 일기] Ep.4-8,숏드라마는 비글루 (Vigloo),2025-12-24T07:03:00Z,101810,365,12,https://www.youtube.com/watch?v=iRKh_PDeWu0,@이재용-b2p,주인공 여자를 너무 ㅂㅅ으로 만든거 아닌가?,0.0,2026-04-04T17:29:59Z,False,False
장녀 결혼 일기,장녀 결혼 일기,iRKh_PDeWu0,돈 없다던 남편. 서울 자가에 40평 아파트? [장녀 결혼 일기] Ep.4-8,숏드라마는 비글루 (Vigloo),2025-12-24T07:03:00Z,101810,365,12,https://www.youtube.com/watch?v=iRKh_PDeWu0,@김씨네모텔,강아지집을 찾으시는겁니까 이지랄 ㅋㅋㅋㅋㅋㅋ,0.0,2026-01-26T17:52:07Z,False,False
장녀 결혼 일기,장녀 결혼 일기,iRKh_PDeWu0,돈 없다던 남편. 서울 자가에 40평 아파트? [장녀 결혼 일기] Ep.4-8,숏드라마는 비글루 (Vigloo),2025-12-24T07:03:00Z,101810,365,12,https://www.youtube.com/watch?v=iRKh_PDeWu0,@mook3134,아... 개 꿀잼인데   비글루 구독료 일주일에 19000원???  너무 비싸.,1.0,2026-01-25T12:19:28Z,False,False
장녀 결혼 일기,장녀 결혼 일기,iRKh_PDeWu0,돈 없다던 남편. 서울 자가에 40평 아파트? [장녀 결혼 일기] Ep.4-8,숏드라마는 비글루 (Vigloo),2025-12-24T07:03:00Z,101810,365,12,https://www.youtube.com/watch?v=iRKh_PDeWu0,@newspring0527,"ㅋㅋㅋ욕들을 짓을 하는 누나나
별거도 아닌게 재벌척 하는 동생부부나 ㅋㅋ",0.0,2026-01-22T08:40:27Z,False,False
장녀 결혼 일기,장녀 결혼 일기,iRKh_PDeWu0,돈 없다던 남편. 서울 자가에 40평 아파트? [장녀 결혼 일기] Ep.4-8,숏드라마는 비글루 (Vigloo),2025-12-24T07:03:00Z,101810,365,12,https://www.youtube.com/watch?v=iRKh_PDeWu0,@대장나무-c3h,개재밌네 이거 다보고싶은데 ㅅㅂ 유료네,8.0,2026-01-17T13:05:52Z,True,False
장녀 결혼 일기,장녀 결혼 일기,iRKh_PDeWu0,돈 없다던 남편. 서울 자가에 40평 아파트? [장녀 결혼 일기] Ep.4-8,숏드라마는 비글루 (Vigloo),2025-12-24T07:03:00Z,101810,365,12,https://www.youtube.com/watch?v=iRKh_PDeWu0,@상화-o7i,신랑여동생이 친동생,1.0,2026-01-16T12:35:05Z,False,False
장녀 결혼 일기,장녀 결혼 일기,iRKh_PDeWu0,돈 없다던 남편. 서울 자가에 40평 아파트? [장녀 결혼 일기] Ep.4-8,숏드라마는 비글루 (Vigloo),2025-12-24T07:03:00Z,101810,365,12,https://www.youtube.com/watch?v=iRKh_PDeWu0,@이럴땐뭐라해야돼,여주가 이정도로 눈치 없는거면 능지이슈가 있는겁니다,21.0,2026-01-12T18:26:37Z,False,False
장녀 결혼 일기,장녀 결혼 일기,iRKh_PDeWu0,돈 없다던 남편. 서울 자가에 40평 아파트? [장녀 결혼 일기] Ep.4-8,숏드라마는 비글루 (Vigloo),2025-12-24T07:03:00Z,101810,365,12,https://www.youtube.com/watch?v=iRKh_PDeWu0,@세아이맘아미,요즘 이런 드라마에 아는 배우들이 나온다는게 신기..,26.0,2026-01-08T17:53:40Z,False,False
장녀 결혼 일기,장녀 결혼 일기,iRKh_PDeWu0,돈 없다던 남편. 서울 자가에 40평 아파트? [장녀 결혼 일기] Ep.4-8,숏드라마는 비글루 (Vigloo),2025-12-24T07:03:00Z,101810,365,12,https://www.youtube.com/watch?v=iRKh_PDeWu0,@남최순봉-x9f,이건  중굯드라마랑 똑같은 판박이 내용,8.0,2026-01-04T08:00:12Z,False,False
장녀 결혼 일기,장녀 결혼 일기,L4Ei5lC4OR4,경비원으로 위장한 재벌의 프로포즈 [장녀 결혼 일기] Ep.1-3,숏드라마는 비글루 (Vigloo),2025-12-24T07:00:18Z,100481,428,18,https://www.youtube.com/watch?v=L4Ei5lC4OR4,@ekm2495,후속은  어디서?,0.0,2026-04-20T01:24:23Z,False,False
장녀 결혼 일기,장녀 결혼 일기,L4Ei5lC4OR4,경비원으로 위장한 재벌의 프로포즈 [장녀 결혼 일기] Ep.1-3,숏드라마는 비글루 (Vigloo),2025-12-24T07:00:18Z,100481,428,18,https://www.youtube.com/watch?v=L4Ei5lC4OR4,@화려강산-g6z,뱃길게 없어서 중국걸 뱃기냐?ㅡ,0.0,2026-04-08T13:39:28Z,False,False
장녀 결혼 일기,장녀 결혼 일기,L4Ei5lC4OR4,경비원으로 위장한 재벌의 프로포즈 [장녀 결혼 일기] Ep.1-3,숏드라마는 비글루 (Vigloo),2025-12-24T07:00:18Z,100481,428,18,https://www.youtube.com/watch?v=L4Ei5lC4OR4,@이진희-u1i,좋아요❤,0.0,2026-03-22T22:54:03Z,True,False
장녀 결혼 일기,장녀 결혼 일기,L4Ei5lC4OR4,경비원으로 위장한 재벌의 프로포즈 [장녀 결혼 일기] Ep.1-3,숏드라마는 비글루 (Vigloo),2025-12-24T07:00:18Z,100481,428,18,https://www.youtube.com/watch?v=L4Ei5lC4OR4,@WooyaLee-e8i,재밌어요 ㅎㅎㅎ,0.0,2026-02-07T12:58:32Z,True,False
장녀 결혼 일기,장녀 결혼 일기,L4Ei5lC4OR4,경비원으로 위장한 재벌의 프로포즈 [장녀 결혼 일기] Ep.1-3,숏드라마는 비글루 (Vigloo),2025-12-24T07:00:18Z,100481,428,18,https://www.youtube.com/watch?v=L4Ei5lC4OR4,@ss-xz3zc,차이나머니 ㅋㅋ 배우들 현타올듯,3.0,2026-02-03T05:34:17Z,False,False
장녀 결혼 일기,장녀 결혼 일기,L4Ei5lC4OR4,경비원으로 위장한 재벌의 프로포즈 [장녀 결혼 일기] Ep.1-3,숏드라마는 비글루 (Vigloo),2025-12-24T07:00:18Z,100481,428,18,https://www.youtube.com/watch?v=L4Ei5lC4OR4,@user-zf6cj9ns9d,"남주,여주 맡은 배우들 이름 뭔가요?? 네이버 찾아봐도 안 나오네요 ㅠㅠ",1.0,2026-02-02T14:46:55Z,False,False
장녀 결혼 일기,장녀 결혼 일기,L4Ei5lC4OR4,경비원으로 위장한 재벌의 프로포즈 [장녀 결혼 일기] Ep.1-3,숏드라마는 비글루 (Vigloo),2025-12-24T07:00:18Z,100481,428,18,https://www.youtube.com/watch?v=L4Ei5lC4OR4,@user-es2tc1mp1s,괜찮으시면 결혼할래요?? ㅋㅋㅋㅋㅋㅋㅋㅋㅋㅋㅋㅋㅋ 진짜 개쪼갰네 ㅋㅋㅋㅋㅋㅋㅋㅋㅋㅋㅋ 무지성 엑셀 부와아아아악!!!!!!!!,1.0,2026-01-27T14:49:21Z,False,False
장녀 결혼 일기,장녀 결혼 일기,L4Ei5lC4OR4,경비원으로 위장한 재벌의 프로포즈 [장녀 결혼 일기] Ep.1-3,숏드라마는 비글루 (Vigloo),2025-12-24T07:00:18Z,100481,428,18,https://www.youtube.com/watch?v=L4Ei5lC4OR4,@masunyyyyyyyyyy2,언제나옴 ㅠ,0.0,2026-01-26T14:46:51Z,False,False
장녀 결혼 일기,장녀 결혼 일기,L4Ei5lC4OR4,경비원으로 위장한 재벌의 프로포즈 [장녀 결혼 일기] Ep.1-3,숏드라마는 비글루 (Vigloo),2025-12-24T07:00:18Z,100481,428,18,https://www.youtube.com/watch?v=L4Ei5lC4OR4,@hatsuneheeku,연기 ㅈㄴ웃김ㅋㅋ 키키키키재미따,0.0,2026-01-24T07:29:03Z,False,False
장녀 결혼 일기,장녀 결혼 일기,L4Ei5lC4OR4,경비원으로 위장한 재벌의 프로포즈 [장녀 결혼 일기] Ep.1-3,숏드라마는 비글루 (Vigloo),2025-12-24T07:00:18Z,100481,428,18,https://www.youtube.com/watch?v=L4Ei5lC4OR4,@좋아요누르지마요,"중국에서 만든거임 100%
화질.그래픽.스토리 짜치네",1.0,2026-01-24T01:29:42Z,False,False
장녀 결혼 일기,장녀 결혼 일기,NCn63-RVvF4,가족들 수발러였던 K장녀의 인생역전 [장녀 결혼 일기],숏드라마는 비글루 (Vigloo),2026-02-09T10:00:27Z,50661,355,6,https://www.youtube.com/watch?v=NCn63-RVvF4,@박미희-r7w,보는데 열받아 후련하면서도,0.0,2026-04-28T04:54:27Z,False,False
장녀 결혼 일기,장녀 결혼 일기,NCn63-RVvF4,가족들 수발러였던 K장녀의 인생역전 [장녀 결혼 일기],숏드라마는 비글루 (Vigloo),2026-02-09T10:00:27Z,50661,355,6,https://www.youtube.com/watch?v=NCn63-RVvF4,@카라-g8s,담화는 어디시볼수있나요,0.0,2026-04-27T12:29:19Z,False,False
장녀 결혼 일기,장녀 결혼 일기,NCn63-RVvF4,가족들 수발러였던 K장녀의 인생역전 [장녀 결혼 일기],숏드라마는 비글루 (Vigloo),2026-02-09T10:00:27Z,50661,355,6,https://www.youtube.com/watch?v=NCn63-RVvF4,@손혜현-j9c,엄지원 엄마 치매 욱 쉬고 내일 또 다른,0.0,2026-04-25T01:26:27Z,False,False
장녀 결혼 일기,장녀 결혼 일기,NCn63-RVvF4,가족들 수발러였던 K장녀의 인생역전 [장녀 결혼 일기],숏드라마는 비글루 (Vigloo),2026-02-09T10:00:27Z,50661,355,6,https://www.youtube.com/watch?v=NCn63-RVvF4,@ericwalter6959,ㅅㅂ 후편내놔,0.0,2026-03-31T14:20:37Z,False,False
장녀 결혼 일기,장녀 결혼 일기,NCn63-RVvF4,가족들 수발러였던 K장녀의 인생역전 [장녀 결혼 일기],숏드라마는 비글루 (Vigloo),2026-02-09T10:00:27Z,50661,355,6,https://www.youtube.com/watch?v=NCn63-RVvF4,@조경순-x3g,😂,0.0,2026-03-30T14:04:28Z,False,False
장녀 결혼 일기,장녀 결혼 일기,NCn63-RVvF4,가족들 수발러였던 K장녀의 인생역전 [장녀 결혼 일기],숏드라마는 비글루 (Vigloo),2026-02-09T10:00:27Z,50661,355,6,https://www.youtube.com/watch?v=NCn63-RVvF4,@수이-JS,가난하면 초대도 못 봤냐 왜 무시하냐 돈 있는 것도 있고 가난한 사람들 너무 무시해 천벌 받아야 돼,5.0,2026-03-16T23:53:13Z,False,False
장녀 결혼 일기,장녀 결혼 일기,sqEMlFwagEE,각막까지 내놔야 하는 K-장녀의 삶,숏드라마는 비글루 (Vigloo),2025-12-24T07:15:04Z,72469,317,6,https://www.youtube.com/watch?v=sqEMlFwagEE,@ViglooKorea,"🩵비글루에서 무료 에피소드 시청하기🩵
https://vigloo.onelink.me/SrIM/krytcm",2.0,2025-12-24T08:45:55Z,False,False
장녀 결혼 일기,장녀 결혼 일기,sqEMlFwagEE,각막까지 내놔야 하는 K-장녀의 삶,숏드라마는 비글루 (Vigloo),2025-12-24T07:15:04Z,72469,317,6,https://www.youtube.com/watch?v=sqEMlFwagEE,@eunkyungfaithkim4262,연 끊자.,3.0,2026-03-24T09:08:29Z,False,False
장녀 결혼 일기,장녀 결혼 일기,sqEMlFwagEE,각막까지 내놔야 하는 K-장녀의 삶,숏드라마는 비글루 (Vigloo),2025-12-24T07:15:04Z,72469,317,6,https://www.youtube.com/watch?v=sqEMlFwagEE,@이준호-k8q,한국에 진짜 저런 빌런들 있으면 매장이다.실제로는 저렇지 않겠지만,2.0,2026-03-18T09:46:54Z,False,False
장녀 결혼 일기,장녀 결혼 일기,sqEMlFwagEE,각막까지 내놔야 하는 K-장녀의 삶,숏드라마는 비글루 (Vigloo),2025-12-24T07:15:04Z,72469,317,6,https://www.youtube.com/watch?v=sqEMlFwagEE,@달려라하기-w2v,니 눈 각막줘라,4.0,2026-01-21T01:07:28Z,False,False
장녀 결혼 일기,장녀 결혼 일기,sqEMlFwagEE,각막까지 내놔야 하는 K-장녀의 삶,숏드라마는 비글루 (Vigloo),2025-12-24T07:15:04Z,72469,317,6,https://www.youtube.com/watch?v=sqEMlFwagEE,@jinjin-u1j,저건 또 누가 낳았냐,3.0,2026-01-14T01:27:47Z,False,False
장녀 결혼 일기,장녀 결혼 일기,sqEMlFwagEE,각막까지 내놔야 하는 K-장녀의 삶,숏드라마는 비글루 (Vigloo),2025-12-24T07:15:04Z,72469,317,6,https://www.youtube.com/watch?v=sqEMlFwagEE,@aodwloo,죽어버린다 ㅋㅋㅋ,11.0,2025-12-28T14:02:39Z,False,False
장녀 결혼 일기,장녀 결혼 일기,pVwJdl859Gs,금쪽이 동생부터 부모까지 빨대 꽂는 장녀의 삶 [장녀 결혼 일기],숏드라마는 비글루 (Vigloo),2025-12-25T03:01:06Z,71226,335,2,https://www.youtube.com/watch?v=pVwJdl859Gs,@mikyonghan5934,"해고 해도 너무 지나친 가짜사연
이건 아니라 생각 합니다.😢",0.0,2026-05-03T00:34:44Z,False,False
장녀 결혼 일기,장녀 결혼 일기,pVwJdl859Gs,금쪽이 동생부터 부모까지 빨대 꽂는 장녀의 삶 [장녀 결혼 일기],숏드라마는 비글루 (Vigloo),2025-12-25T03:01:06Z,71226,335,2,https://www.youtube.com/watch?v=pVwJdl859Gs,@coffeeyoo2565,저런 부모는 파멸이야,0.0,2026-01-03T13:05:13Z,False,False
장녀 결혼 일기,장녀 결혼 일기,nxSviBj8w0A,[장녀 결혼 일기] 트레일러,숏드라마는 비글루 (Vigloo),2025-12-23T08:30:27Z,69490,221,2,https://www.youtube.com/watch?v=nxSviBj8w0A,@wecomm21,마지막엔 뻔한 스토리임에도 약간 짠한~~~,3.0,2025-12-25T05:56:28Z,False,False
장녀 결혼 일기,장녀 결혼 일기,Cub_lmsXhPg,힘숨찐 남편의 스토커 전남편 참교육,숏드라마는 비글루 (Vigloo),2026-02-04T08:00:14Z,80618,1720,5,https://www.youtube.com/watch?v=Cub_lmsXhPg,@ViglooKorea,"🩵[장녀 결혼 일기] 비글루에서 시청하기🩵
https://vigloo.onelink.me/SrIM/krytcm",5.0,2026-02-05T01:05:51Z,False,False
장녀 결혼 일기,장녀 결혼 일기,Cub_lmsXhPg,힘숨찐 남편의 스토커 전남편 참교육,숏드라마는 비글루 (Vigloo),2026-02-04T08:00:14Z,80618,1720,5,https://www.youtube.com/watch?v=Cub_lmsXhPg,@sdt시라소니,보여주려면 끝까지 제대로 보여주던가 시시하게 할거면 올리질 말던가,1.0,2026-04-25T21:39:16Z,False,False
장녀 결혼 일기,장녀 결혼 일기,Cub_lmsXhPg,힘숨찐 남편의 스토커 전남편 참교육,숏드라마는 비글루 (Vigloo),2026-02-04T08:00:14Z,80618,1720,5,https://www.youtube.com/watch?v=Cub_lmsXhPg,@좋아요누르지마요,결말존나시시함..,2.0,2026-03-24T13:24:07Z,False,False
장녀 결혼 일기,장녀 결혼 일기,Cub_lmsXhPg,힘숨찐 남편의 스토커 전남편 참교육,숏드라마는 비글루 (Vigloo),2026-02-04T08:00:14Z,80618,1720,5,https://www.youtube.com/watch?v=Cub_lmsXhPg,@유라일-z6b,https://youtube.com/shorts/Cub_lmsXhPg?lc=UgzBGRSMBW3LTxU-UTF4AaABAg&si=t7HW7xFClT9Vd48U,2.0,2026-03-22T04:46:30Z,False,False
천재 아기의 인생 역전,천재 아기의 인생 역전,1foQmIDuofI,오늘부터 난 주식의 신이다 [천재 아기의 인생 역전] Ep1-4,숏드라마는 비글루 (Vigloo),2026-05-07T11:40:41Z,79332,260,20,https://www.youtube.com/watch?v=1foQmIDuofI,@カネキケン-z9n,ㅋㅋㅋㅋㅋㅋ  반전드라마,0.0,2026-05-15T00:12:29Z,False,False
천재 아기의 인생 역전,천재 아기의 인생 역전,1foQmIDuofI,오늘부터 난 주식의 신이다 [천재 아기의 인생 역전] Ep1-4,숏드라마는 비글루 (Vigloo),2026-05-07T11:40:41Z,79332,260,20,https://www.youtube.com/watch?v=1foQmIDuofI,@ggoma2619,너서연이 맞지 라고 햇는데 저 이서연아니에요 라고 하는 ㅋㅋ,1.0,2026-05-14T16:03:00Z,False,False
천재 아기의 인생 역전,천재 아기의 인생 역전,1foQmIDuofI,오늘부터 난 주식의 신이다 [천재 아기의 인생 역전] Ep1-4,숏드라마는 비글루 (Vigloo),2026-05-07T11:40:41Z,79332,260,20,https://www.youtube.com/watch?v=1foQmIDuofI,@유윰윰윰,인스타 광고로 봣는데 존잼이네 ㄹㅇ,2.0,2026-05-13T15:14:35Z,False,False
천재 아기의 인생 역전,천재 아기의 인생 역전,1foQmIDuofI,오늘부터 난 주식의 신이다 [천재 아기의 인생 역전] Ep1-4,숏드라마는 비글루 (Vigloo),2026-05-07T11:40:41Z,79332,260,20,https://www.youtube.com/watch?v=1foQmIDuofI,@최승호-r6y,한국의 리치리치,0.0,2026-05-12T13:35:12Z,False,False
천재 아기의 인생 역전,천재 아기의 인생 역전,1foQmIDuofI,오늘부터 난 주식의 신이다 [천재 아기의 인생 역전] Ep1-4,숏드라마는 비글루 (Vigloo),2026-05-07T11:40:41Z,79332,260,20,https://www.youtube.com/watch?v=1foQmIDuofI,@하루살이-f8t,마지막에 꿈이었다 이런거 아니여,0.0,2026-05-12T08:33:06Z,False,False
천재 아기의 인생 역전,천재 아기의 인생 역전,1foQmIDuofI,오늘부터 난 주식의 신이다 [천재 아기의 인생 역전] Ep1-4,숏드라마는 비글루 (Vigloo),2026-05-07T11:40:41Z,79332,260,20,https://www.youtube.com/watch?v=1foQmIDuofI,@raken780,아역배우 서우진 배우님 맞죠?,0.0,2026-05-11T15:17:11Z,False,False
천재 아기의 인생 역전,천재 아기의 인생 역전,1foQmIDuofI,오늘부터 난 주식의 신이다 [천재 아기의 인생 역전] Ep1-4,숏드라마는 비글루 (Vigloo),2026-05-07T11:40:41Z,79332,260,20,https://www.youtube.com/watch?v=1foQmIDuofI,@유투버-k3h,그것ㅂ느다  아역 배우 애기가 연기 존나잘하네;;;;여주인공은  또왜케이뻐,27.0,2026-05-10T13:53:48Z,False,False
천재 아기의 인생 역전,천재 아기의 인생 역전,1foQmIDuofI,오늘부터 난 주식의 신이다 [천재 아기의 인생 역전] Ep1-4,숏드라마는 비글루 (Vigloo),2026-05-07T11:40:41Z,79332,260,20,https://www.youtube.com/watch?v=1foQmIDuofI,@小綿羊-l2m,終於有一部是穿越股神,3.0,2026-05-10T04:43:59Z,False,False
천재 아기의 인생 역전,천재 아기의 인생 역전,1foQmIDuofI,오늘부터 난 주식의 신이다 [천재 아기의 인생 역전] Ep1-4,숏드라마는 비글루 (Vigloo),2026-05-07T11:40:41Z,79332,260,20,https://www.youtube.com/watch?v=1foQmIDuofI,@tv-ce5zd,재벌집 막내아들보다 재밌잔아,58.0,2026-05-09T23:26:51Z,True,False
천재 아기의 인생 역전,천재 아기의 인생 역전,1foQmIDuofI,오늘부터 난 주식의 신이다 [천재 아기의 인생 역전] Ep1-4,숏드라마는 비글루 (Vigloo),2026-05-07T11:40:41Z,79332,260,20,https://www.youtube.com/watch?v=1foQmIDuofI,@Qyeyd-z4o,7분43초 부터 나온 노래제목 아시는분 있나요? 알려주세요,0.0,2026-05-09T06:47:20Z,False,False
천재 아기의 인생 역전,천재 아기의 인생 역전,5CozBjc9OI0,아빠 뺏은 상간녀와 주식 내기 [천재 아기의 인생 역전],숏드라마는 비글루 (Vigloo),2026-05-08T09:03:26Z,48248,144,3,https://www.youtube.com/watch?v=5CozBjc9OI0,@Giraffe_0304,다음 화 언제 나옴,3.0,2026-05-10T04:48:33Z,False,False
천재 아기의 인생 역전,천재 아기의 인생 역전,ujINZuWkBys,냄새 난다고 손님 내쫓는 직원의 최후는?,숏드라마는 비글루 (Vigloo),2026-05-09T03:00:58Z,62156,261,24,https://www.youtube.com/watch?v=ujINZuWkBys,@_moto4moto0518,졸잼이다 ㅋㄱㄱㅋㄱㄱㄱ ㄱㄱ중풍이든 뭐든 막장은 한국이지ㄱㅋㄱㄱ,0.0,2026-05-14T14:59:17Z,False,False
천재 아기의 인생 역전,천재 아기의 인생 역전,ujINZuWkBys,냄새 난다고 손님 내쫓는 직원의 최후는?,숏드라마는 비글루 (Vigloo),2026-05-09T03:00:58Z,62156,261,24,https://www.youtube.com/watch?v=ujINZuWkBys,@Tygf876fy,존나 모든 등장인물들에게 다리를 걸고싶음을 참았음,0.0,2026-05-13T07:03:45Z,False,False
천재 아기의 인생 역전,천재 아기의 인생 역전,ujINZuWkBys,냄새 난다고 손님 내쫓는 직원의 최후는?,숏드라마는 비글루 (Vigloo),2026-05-09T03:00:58Z,62156,261,24,https://www.youtube.com/watch?v=ujINZuWkBys,@JungHyunHeo-c4w,"중국꺼를 한국이 배끼네..
이게 돈이 되긴하나보다..",0.0,2026-05-12T14:29:41Z,False,False
천재 아기의 인생 역전,천재 아기의 인생 역전,ujINZuWkBys,냄새 난다고 손님 내쫓는 직원의 최후는?,숏드라마는 비글루 (Vigloo),2026-05-09T03:00:58Z,62156,261,24,https://www.youtube.com/watch?v=ujINZuWkBys,@ini490,이거 뭔데 내 알고리즘에 나와서 꿀잼을 주냐 😂😂😂,3.0,2026-05-12T12:46:03Z,False,False
천재 아기의 인생 역전,천재 아기의 인생 역전,ujINZuWkBys,냄새 난다고 손님 내쫓는 직원의 최후는?,숏드라마는 비글루 (Vigloo),2026-05-09T03:00:58Z,62156,261,24,https://www.youtube.com/watch?v=ujINZuWkBys,@스타벅스0506,드리마 전부 완결 드라마가 없네요 아쉼,0.0,2026-05-12T08:40:06Z,False,False
천재 아기의 인생 역전,천재 아기의 인생 역전,ujINZuWkBys,냄새 난다고 손님 내쫓는 직원의 최후는?,숏드라마는 비글루 (Vigloo),2026-05-09T03:00:58Z,62156,261,24,https://www.youtube.com/watch?v=ujINZuWkBys,@꾸꽁이루농이,중국따라하네,0.0,2026-05-12T04:03:12Z,False,False
천재 아기의 인생 역전,천재 아기의 인생 역전,ujINZuWkBys,냄새 난다고 손님 내쫓는 직원의 최후는?,숏드라마는 비글루 (Vigloo),2026-05-09T03:00:58Z,62156,261,24,https://www.youtube.com/watch?v=ujINZuWkBys,@전수현-w7l,근데 저런 옷들 ㅋㅋㅋ,1.0,2026-05-12T00:39:44Z,False,False
천재 아기의 인생 역전,천재 아기의 인생 역전,ujINZuWkBys,냄새 난다고 손님 내쫓는 직원의 최후는?,숏드라마는 비글루 (Vigloo),2026-05-09T03:00:58Z,62156,261,24,https://www.youtube.com/watch?v=ujINZuWkBys,@crazy_acey,what's the use of putting subtle if its also korean.😒,1.0,2026-05-11T14:53:25Z,False,False
천재 아기의 인생 역전,천재 아기의 인생 역전,ujINZuWkBys,냄새 난다고 손님 내쫓는 직원의 최후는?,숏드라마는 비글루 (Vigloo),2026-05-09T03:00:58Z,62156,261,24,https://www.youtube.com/watch?v=ujINZuWkBys,@gloo_io4v,배우랑 비슷하네 목소리 그 어디더라,0.0,2026-05-11T14:35:02Z,False,False
천재 아기의 인생 역전,천재 아기의 인생 역전,ujINZuWkBys,냄새 난다고 손님 내쫓는 직원의 최후는?,숏드라마는 비글루 (Vigloo),2026-05-09T03:00:58Z,62156,261,24,https://www.youtube.com/watch?v=ujINZuWkBys,@박은영-z5h6x,"이런거 조아
대리만족😊",0.0,2026-05-11T11:49:00Z,False,False
천재 아기의 인생 역전,천재 아기의 인생 역전,cZmOemXFpNM,냄새 난다고 손님한테 방향제 뿌리는 무개념 직원,숏드라마는 비글루 (Vigloo),2026-05-11T04:57:08Z,295103,2811,34,https://www.youtube.com/watch?v=cZmOemXFpNM,@ViglooKorea,"[천재 아기의 인생 역전] 비글루에서 시청하세요 🩵
https://vigloo.onelink.me/SrIM/babyY",3.0,2026-05-11T04:58:46Z,False,False
천재 아기의 인생 역전,천재 아기의 인생 역전,cZmOemXFpNM,냄새 난다고 손님한테 방향제 뿌리는 무개념 직원,숏드라마는 비글루 (Vigloo),2026-05-11T04:57:08Z,295103,2811,34,https://www.youtube.com/watch?v=cZmOemXFpNM,@알파치노-p3z,숏츠운영자가 100퍼 테무인?,0.0,2026-05-15T01:13:26Z,False,False
천재 아기의 인생 역전,천재 아기의 인생 역전,cZmOemXFpNM,냄새 난다고 손님한테 방향제 뿌리는 무개념 직원,숏드라마는 비글루 (Vigloo),2026-05-11T04:57:08Z,295103,2811,34,https://www.youtube.com/watch?v=cZmOemXFpNM,@백장미-q4w,저런녀   당장해고 참잘해서요   지골라지 모르녀,0.0,2026-05-15T00:02:53Z,False,False
천재 아기의 인생 역전,천재 아기의 인생 역전,cZmOemXFpNM,냄새 난다고 손님한테 방향제 뿌리는 무개념 직원,숏드라마는 비글루 (Vigloo),2026-05-11T04:57:08Z,295103,2811,34,https://www.youtube.com/watch?v=cZmOemXFpNM,@dongurangteng,이런 말도 안되는... 만들게 없어서 이런걸...,0.0,2026-05-14T23:46:21Z,False,False
천재 아기의 인생 역전,천재 아기의 인생 역전,cZmOemXFpNM,냄새 난다고 손님한테 방향제 뿌리는 무개념 직원,숏드라마는 비글루 (Vigloo),2026-05-11T04:57:08Z,295103,2811,34,https://www.youtube.com/watch?v=cZmOemXFpNM,@큰바위따깨비,하긴 명품관가면 지들이 명품인줄아는 애들도 많더라.,1.0,2026-05-14T22:44:39Z,False,False
천재 아기의 인생 역전,천재 아기의 인생 역전,cZmOemXFpNM,냄새 난다고 손님한테 방향제 뿌리는 무개념 직원,숏드라마는 비글루 (Vigloo),2026-05-11T04:57:08Z,295103,2811,34,https://www.youtube.com/watch?v=cZmOemXFpNM,@헤라-q8m,속이 다 시원하네~,0.0,2026-05-14T20:48:42Z,False,False
천재 아기의 인생 역전,천재 아기의 인생 역전,cZmOemXFpNM,냄새 난다고 손님한테 방향제 뿌리는 무개념 직원,숏드라마는 비글루 (Vigloo),2026-05-11T04:57:08Z,295103,2811,34,https://www.youtube.com/watch?v=cZmOemXFpNM,@BLACK-hg5lz,중국 쇼츠 카피한듯ㅎㅎ근데 맞아 명풍관에서 일한다고한들 넌 명품아니야 인성좀,0.0,2026-05-14T17:42:24Z,False,False
천재 아기의 인생 역전,천재 아기의 인생 역전,cZmOemXFpNM,냄새 난다고 손님한테 방향제 뿌리는 무개념 직원,숏드라마는 비글루 (Vigloo),2026-05-11T04:57:08Z,295103,2811,34,https://www.youtube.com/watch?v=cZmOemXFpNM,@악마-k1p,그지같이 옷 입는것도 격이다 잘 입고다녀야징,0.0,2026-05-14T15:56:33Z,False,False
천재 아기의 인생 역전,천재 아기의 인생 역전,cZmOemXFpNM,냄새 난다고 손님한테 방향제 뿌리는 무개념 직원,숏드라마는 비글루 (Vigloo),2026-05-11T04:57:08Z,295103,2811,34,https://www.youtube.com/watch?v=cZmOemXFpNM,@정종호-m9v,중국꺼닮아가네. 좀 괜찬게 시나리오 쓰시지!,0.0,2026-05-14T13:34:43Z,False,False
천재 아기의 인생 역전,천재 아기의 인생 역전,cZmOemXFpNM,냄새 난다고 손님한테 방향제 뿌리는 무개념 직원,숏드라마는 비글루 (Vigloo),2026-05-11T04:57:08Z,295103,2811,34,https://www.youtube.com/watch?v=cZmOemXFpNM,@최귀환-y8d,갑질도 여러가지 향수가 난다고,3.0,2026-05-14T12:41:24Z,False,False
천재 아기의 인생 역전,천재 아기의 인생 역전,tD2xW6EKS9U,엄마의 인생을 건 상간녀와의 내기 한 판,숏드라마는 비글루 (Vigloo),2026-05-08T06:00:40Z,46554,382,1,https://www.youtube.com/watch?v=tD2xW6EKS9U,@ViglooKorea,"[천재 아기의 인생 역전] 비글루에서 시청하기🩵
https://vigloo.onelink.me/SrIM/babyYB",0.0,2026-05-11T04:41:51Z,False,False
타임리프 로맨스: 은밀한 복수,타임리프 로맨스: 은밀한 복수,vOWvgA6-Uxw,"내 약혼남은 너 가져, 네 남편은 내가 가질게 #비글루 #숏드라마",숏드라마는 비글루 (Vigloo),2025-03-17T10:03:47Z,347171,2864,7,https://www.youtube.com/watch?v=vOWvgA6-Uxw,@Hanjeok-j,중국 쇼츠 따라하기,4.0,2025-09-09T04:41:53Z,False,False
타임리프 로맨스: 은밀한 복수,타임리프 로맨스: 은밀한 복수,vOWvgA6-Uxw,"내 약혼남은 너 가져, 네 남편은 내가 가질게 #비글루 #숏드라마",숏드라마는 비글루 (Vigloo),2025-03-17T10:03:47Z,347171,2864,7,https://www.youtube.com/watch?v=vOWvgA6-Uxw,@JULIETABAD-t9o,내껄 남봐 ㅋㅋㅋㅋ😂,3.0,2025-09-07T01:44:22Z,False,False
타임리프 로맨스: 은밀한 복수,타임리프 로맨스: 은밀한 복수,vOWvgA6-Uxw,"내 약혼남은 너 가져, 네 남편은 내가 가질게 #비글루 #숏드라마",숏드라마는 비글루 (Vigloo),2025-03-17T10:03:47Z,347171,2864,7,https://www.youtube.com/watch?v=vOWvgA6-Uxw,@Usajeiwo,이거 내남결 따라한거아님???,3.0,2025-09-06T23:15:47Z,False,False
타임리프 로맨스: 은밀한 복수,타임리프 로맨스: 은밀한 복수,vOWvgA6-Uxw,"내 약혼남은 너 가져, 네 남편은 내가 가질게 #비글루 #숏드라마",숏드라마는 비글루 (Vigloo),2025-03-17T10:03:47Z,347171,2864,7,https://www.youtube.com/watch?v=vOWvgA6-Uxw,@lovelyk9036,둘이 국어책 읽기 ㅋㅋ,6.0,2025-09-05T13:55:27Z,False,False
타임리프 로맨스: 은밀한 복수,타임리프 로맨스: 은밀한 복수,vOWvgA6-Uxw,"내 약혼남은 너 가져, 네 남편은 내가 가질게 #비글루 #숏드라마",숏드라마는 비글루 (Vigloo),2025-03-17T10:03:47Z,347171,2864,7,https://www.youtube.com/watch?v=vOWvgA6-Uxw,@yymind공,내가더 연기잘하겠다,7.0,2025-08-29T23:16:46Z,False,False
타임리프 로맨스: 은밀한 복수,타임리프 로맨스: 은밀한 복수,vOWvgA6-Uxw,"내 약혼남은 너 가져, 네 남편은 내가 가질게 #비글루 #숏드라마",숏드라마는 비글루 (Vigloo),2025-03-17T10:03:47Z,347171,2864,7,https://www.youtube.com/watch?v=vOWvgA6-Uxw,@송주현-f3z,이게드라마야?,3.0,2025-08-17T03:47:46Z,False,False
타임리프 로맨스: 은밀한 복수,타임리프 로맨스: 은밀한 복수,AAtvaW8mOjo,복수를 위한 유혹의 시작 [타임리프 로맨스 : 은밀한 복수] 숏드 몰아보기,숏드라마는 비글루 (Vigloo),2025-07-18T10:00:18Z,123333,419,5,https://www.youtube.com/watch?v=AAtvaW8mOjo,@ViglooKorea,"🩵비글루에서 무료 에피소드 시청하기🩵
https://vigloo.onelink.me/SrIM/time",4.0,2025-07-22T08:04:30Z,False,False
타임리프 로맨스: 은밀한 복수,타임리프 로맨스: 은밀한 복수,AAtvaW8mOjo,복수를 위한 유혹의 시작 [타임리프 로맨스 : 은밀한 복수] 숏드 몰아보기,숏드라마는 비글루 (Vigloo),2025-07-18T10:00:18Z,123333,419,5,https://www.youtube.com/watch?v=AAtvaW8mOjo,@호호호-v2f,여주 연기가 왜저래요?,3.0,2025-09-15T17:50:09Z,False,False
타임리프 로맨스: 은밀한 복수,타임리프 로맨스: 은밀한 복수,AAtvaW8mOjo,복수를 위한 유혹의 시작 [타임리프 로맨스 : 은밀한 복수] 숏드 몰아보기,숏드라마는 비글루 (Vigloo),2025-07-18T10:00:18Z,123333,419,5,https://www.youtube.com/watch?v=AAtvaW8mOjo,@카드값줘체리-t8h,연기가 연기가 연기가 하하하하하 길가다가 외모되는 애들 데려다가 찍었나봐 ㅎㅎㅎ,5.0,2025-09-08T10:52:09Z,False,False
타임리프 로맨스: 은밀한 복수,타임리프 로맨스: 은밀한 복수,AAtvaW8mOjo,복수를 위한 유혹의 시작 [타임리프 로맨스 : 은밀한 복수] 숏드 몰아보기,숏드라마는 비글루 (Vigloo),2025-07-18T10:00:18Z,123333,419,5,https://www.youtube.com/watch?v=AAtvaW8mOjo,@user-hdixiwo193,"내남결이랑 개똑같은데?,,",53.0,2025-07-23T16:09:35Z,False,False
타임리프 로맨스: 은밀한 복수,타임리프 로맨스: 은밀한 복수,AAtvaW8mOjo,복수를 위한 유혹의 시작 [타임리프 로맨스 : 은밀한 복수] 숏드 몰아보기,숏드라마는 비글루 (Vigloo),2025-07-18T10:00:18Z,123333,419,5,https://www.youtube.com/watch?v=AAtvaW8mOjo,@Zuchctztscuv,ㄸㅊㅈ ㄸㅊㅈ  ㄸㅊㅈ,1.0,2025-07-18T10:08:04Z,False,False
