keyword,genre,video_id,title,channel,published_at,view_count,like_count,comment_count,url,like_rate,comment_rate
눈물의 여왕,로맨스,TMQCqU2tZa8,🔥최고 시청률 28.4%!!🔥재산 1조 재벌 3세 '김지원'과 과수원집 아들 '김수현'의 일생일대의 사랑!! 결말까지 몰아보기,무비N,2025-07-29T10:00:46Z,1096231,8825,275,https://www.youtube.com/watch?v=TMQCqU2tZa8,0.8050310564105558,0.025085953599195788
눈물의 여왕,로맨스,4KqZ55jnqSc,[#눈물의여왕] 1살 오빠 김수현 앞에서만 말랑해지는 앙큼폭스 연하 김지원 ㅋㅋ 보면 볼수록 연상연하 티나는 백홍부부 맛도리 모먼트🤭,샾잉 #ing,2024-04-03T11:01:00Z,1193928,8774,218,https://www.youtube.com/watch?v=4KqZ55jnqSc,0.7348851857063408,0.018259057497604547
킹더랜드,로맨스,vkz0m_W1UuY,이걸 아직도 안봤어!? 시청률만 무려 13.8%!! 윤아X이준호 주연 개꿀잼 드라마 결말까지 핵심만 몰아보기!!,유튜브드라마 : YOUTUBE DRAMA,2024-08-18T06:02:15Z,2491254,13616,378,https://www.youtube.com/watch?v=vkz0m_W1UuY,0.5465520577187232,0.015173081508348807
킹더랜드,로맨스,2BHnmGaoY64,공개되자마자 넷플릭스 글로벌 1위를 차지한 이준호X임윤아 주연의 명작 한국 드라마 몰아보기,리뷰 한사발,2026-05-03T01:00:05Z,345708,1549,45,https://www.youtube.com/watch?v=2BHnmGaoY64,0.44806599789417656,0.01301676559408518
킹더랜드,로맨스,MauaR1JoHAQ,(1시간) ＂무개념이 뭔지 잘 봤습니다?＂ 직원들 괴롭히는 갑질 상사 혼쭐내주는 본부장 구원🔥｜이준호 명대사｜킹더랜드｜JTBC 230806 방송 외,DRAMA Voyage,2026-04-16T03:16:33Z,468305,2378,71,https://www.youtube.com/watch?v=MauaR1JoHAQ,0.5077887274319087,0.01516105956588121
킹더랜드,로맨스,h3glVQbTmks,"입사 첫날부터 개꼰대 부장이 신입 인턴한테 갑질+꼰질 역대급으로 시전했는데, 알고 보니 정체를 숨긴 이 회사 CEO 아들이었다 ㅠ 잘 가.. ㅠㅠ ≪킹더랜드≫ 1-2",지무비 : G Movie,2023-06-21T08:00:19Z,6126142,34989,1741,https://www.youtube.com/watch?v=h3glVQbTmks,0.5711424906572522,0.02841919106674315
킹더랜드,로맨스,0pE0C6MH9-g,직원 괴롭히는 갑질 상사들 🔥팩폭 참교육하는🔥 재벌 3세 본부장ㅋ｜이준호 명대사｜킹더랜드｜JTBC 230805 방송 외,DRAMA Voyage,2025-07-15T02:45:25Z,593342,2796,67,https://www.youtube.com/watch?v=0pE0C6MH9-g,0.4712290719349043,0.011291969892574602
킹더랜드,로맨스,9gR54WmSfio,[#킹더랜드] 이준호 X 임윤아 서사 몰아보기,또 Voyage,2025-04-06T11:01:14Z,106089,781,10,https://www.youtube.com/watch?v=9gR54WmSfio,0.7361743441827144,0.009426047940879827
킹더랜드,로맨스,CY1oAeoa16Y,"""회장님 아들이라고👀💥?!"" 내 절친의 남자친구가 ✨우리 회사 후계자✨이면 생기는 상황ㄷㄷ | 킹더랜드 임윤아X고원희X김가은 시점 리뷰",DRAMA Voyage,2025-07-11T09:00:30Z,1210478,5159,88,https://www.youtube.com/watch?v=CY1oAeoa16Y,0.4261952716199716,0.007269855379445145
킹더랜드,로맨스,jIJ3jmfcA0Q,[드라마픽] 이준호X임윤아 통합본📁 국밥도 처음 먹어봄⁉ 초호화 음식만 먹던 재벌 3세 준호가 윤아와 연애하면 생기는 일💗｜킹더랜드 | JTBC 230806 방송,DRAMA Voyage,2024-03-29T08:31:41Z,442556,2396,44,https://www.youtube.com/watch?v=jIJ3jmfcA0Q,0.5414004103435497,0.009942244597293903
킹더랜드,로맨스,LfN9gNDq6fA,[드라마픽] 준호X안세하① 연애 초짜 본부장 놀려먹는 기짱셈 비서의 대환장 케미🔥｜킹더랜드 | JTBC 230715 방송 외,DRAMA Voyage,2023-07-19T07:14:29Z,946351,5446,214,https://www.youtube.com/watch?v=LfN9gNDq6fA,0.5754735822120968,0.02261317418167255
킹더랜드,로맨스,xnRmRbwvbBE,💥통쾌💥 전문대 출신이라고 무시한 갑질 선임 실력으로 참교육 시킨 프로일잘러 윤아🔥｜킹더랜드 | JTBC 230617 방송,DRAMA Voyage,2025-09-03T08:16:44Z,809783,2889,165,https://www.youtube.com/watch?v=xnRmRbwvbBE,0.3567622437122044,0.020375829080136285
킹더랜드,로맨스,dyqn3HLgeEY,"""너 해고야🔥"" 그렇게 잘리는 건 나였다...(?) 명품 풀착장하고 첫출근한 인턴 눈.치.없.이 건드린 갑질 상사의 결말ㅋㅋㅋ | 킹더랜드 1-6회 리뷰",DRAMA Voyage,2026-03-27T09:00:43Z,324572,1670,77,https://www.youtube.com/watch?v=dyqn3HLgeEY,0.5145237420356654,0.023723549782482777
킹더랜드,로맨스,Y-05ugWKCZw,맨날 날 갈구고 핍박하고 시샘하던 상사 눈 앞에서 그 상사의 상사로 승진해버렸다 ㅋㅋㅋㅋㅋㅋ 넌 이제 D져따..!  ≪킹더랜드≫ 3-4,지무비 : G Movie,2023-06-28T08:00:22Z,5040126,33433,1287,https://www.youtube.com/watch?v=Y-05ugWKCZw,0.6633365911883949,0.025535075908816564
킹더랜드,로맨스,2IH0jda1E_0,꺄(＞_＜)💗 본부장이 근무지에 자주 오는 이유?! 호텔 복사기도 알법한(?) 대놓고 비밀 사내연애 최후ㅋㅋ｜킹더랜드 | JTBC 230806 방송 외,DRAMA Voyage,2025-02-14T08:07:38Z,236619,1429,34,https://www.youtube.com/watch?v=2IH0jda1E_0,0.6039244523897066,0.014369091239503168
킹더랜드,로맨스,ijw0YfKyQqM,잔잔한 서민들 일상에 나타난 준호 도련님의 태풍급 등장이란-★｜킹더랜드｜JTBC 230723 방송 외,DRAMA Voyage,2025-10-15T08:13:39Z,299436,1885,70,https://www.youtube.com/watch?v=ijw0YfKyQqM,0.6295168249642662,0.02337728262466771
킹더랜드,로맨스,7O_1IUNZ1nQ,🔥레전드 PT🔥 망한 호텔 살려낸 💥힘숨찐 본부장💥 준호 초고속 승진시키는 회장님ㄷㄷ｜킹더랜드｜JTBC 230806 방송 외,DRAMA Voyage,2025-10-30T07:29:43Z,1087919,4083,139,https://www.youtube.com/watch?v=7O_1IUNZ1nQ,0.37530367610088616,0.0127766864996383
재벌집 막내아들,재벌,C1NCwRhDZBo,[추석 특집] #재벌집막내아들 결말 포함 5시간 몰아보기,또 Voyage,2025-10-04T11:00:32Z,1055983,5286,628,https://www.youtube.com/watch?v=C1NCwRhDZBo,0.5005762403372024,0.05947065435712507
재벌집 막내아들,재벌,yb0v6--tb8s,＂내가 뭘 주면 되겠노?＂ 돈으로 못 사는 ✨서울 법대 합격증✨으로 회장님에게 인정받은 8살ㅎ｜재벌집 막내아들｜JTBC 221204 방송 외,DRAMA Voyage,2024-12-04T10:46:04Z,6825215,27197,1563,https://www.youtube.com/watch?v=yb0v6--tb8s,0.3984782896949034,0.022900377497265652
재벌집 막내아들,재벌,jtWmaBoAPsk,【7~16화 몰아보기🎬】 회장님 환심사서 순양 노답 삼남매 🔥재산 몰수하는🔥 인생 2회차 일잘러 막내손자ㅋ💸｜재벌집 막내아들｜JTBC 221225 방송 외,DRAMA Voyage,2026-04-30T09:30:21Z,122564,379,44,https://www.youtube.com/watch?v=jtWmaBoAPsk,0.30922620018928887,0.03589961163147417
재벌집 막내아들,재벌,U_RRFNf5swk,【크리스마스 특집🎅】 재벌집 가족들에게 사랑을 듬뿍 받은 말썽꾸러기 막내 ✨도주이의 순양 정복기✨｜재벌집 막내아들｜JTBC 221225 방송 외,DRAMA Voyage,2024-12-24T13:25:45Z,3045080,13229,785,https://www.youtube.com/watch?v=U_RRFNf5swk,0.43443850407871054,0.025779289870873672
재벌집 막내아들,재벌,nokuB8r9NhM,【1~6화 몰아보기🎬】 대기업 비리로 억울하게 죽은 흙수저가 ✨환생+회귀해서✨ 재벌집 손자되면 생기는 일?!｜재벌집 막내아들｜JTBC 221127 방송 외,DRAMA Voyage,2026-04-23T10:24:46Z,36262,142,14,https://www.youtube.com/watch?v=nokuB8r9NhM,0.39159450664607576,0.03860790910595113
재벌집 막내아들,재벌,1wkqBs_xngc,"날 평생 개처럼 부리다 비참하게 죽인 재벌가문의 막내아들로 ""회귀.환생""했다..! 그것도 모든 기억을 가지고..!너넨 이제 D졌다! 재산 내가 다 뺏는다! ≪재벌집막내아들≫1-3화",지무비 : G Movie,2022-11-24T08:00:01Z,9733687,61502,2678,https://www.youtube.com/watch?v=1wkqBs_xngc,0.6318469044669301,0.027512698939261147
재벌집 막내아들,재벌,X0tq_uGYlw0,[🔴ON AIR] 목숨도 살리고 투자도 도와주고😎 예쁜 짓만 골라 하는 손자 송중기에게 분당 땅 5만 평 사준 이성민👀｜재벌집 막내아들｜JTBC 221119 방송,DRAMA Voyage,2022-11-20T14:04:41Z,4190044,19190,1052,https://www.youtube.com/watch?v=X0tq_uGYlw0,0.4579904172844008,0.025107134913141725
재벌집 막내아들,재벌,TjkG0EjnHeI,#재벌집막내아들 결말포함 5시간 몰아보기,또 Voyage,2025-12-31T11:00:54Z,306629,1755,149,https://www.youtube.com/watch?v=TjkG0EjnHeI,0.5723529085637693,0.048592925000570726
재벌집 막내아들,재벌,2d0ijHtTV6c,2002년 월드컵에 한국이 스페인을 이긴다꼬?ㅋㅋㅋ 니 뭐 미래라도 볼 줄 아냐?🔥30.1%라는 비지상파 드라마 시청률 역대 2위를 찍은 레전드 드라마의≪진양철 일대기≫ 몰아보기,오티티,2026-03-20T09:00:05Z,1208488,5826,390,https://www.youtube.com/watch?v=2d0ijHtTV6c,0.48209001661580425,0.03227173128736074
재벌집 막내아들,재벌,oj3thIPCIck,[#재벌집막내아들] 송중기 참교육 몰아보기💀,또 Voyage,2025-06-26T11:01:40Z,675064,2725,146,https://www.youtube.com/watch?v=oj3thIPCIck,0.4036654302406883,0.021627579014730457
재벌집 막내아들,재벌,6Y0z9mwqw8w,"[사이다당] ""물리면 지만 손해잖아요😊🔥"" 해외 주식 투자 포트폴리오 훔쳐간 금융그룹 사장 큰아버지 참교육하는 송중기ㅋ｜재벌집 막내아들｜JTBC 221216 방송 외",DRAMA Voyage,2024-04-05T09:05:53Z,3635929,11779,588,https://www.youtube.com/watch?v=6Y0z9mwqw8w,0.3239612214649956,0.016171932950285885
재벌집 막내아들,재벌,oppbr30hQl0,[아무모음] 이 영상만 외워도 회귀하면 주식 떡상 가능ㅋ💰 인생 2회차로 미래 꿰뚫고 있는 송중기 모음 | 재벌집 막내아들 | JTBC 221217 방송 외,DRAMA Voyage,2024-04-29T07:08:38Z,6164350,22304,1186,https://www.youtube.com/watch?v=oppbr30hQl0,0.3618224143664782,0.019239660304817215
재벌집 막내아들,재벌,NL8Lb0LA_uc,[젭벌집] 뛰는 친척들 위에 나는 송중기🤭 불신 지옥 재벌 패밀리 사이 현금 박치기로 최대주주 되는 법💸｜재벌집 막내아들｜JTBC 221216 방송 외,DRAMA Voyage,2024-04-09T09:57:55Z,5679685,18811,884,https://www.youtube.com/watch?v=NL8Lb0LA_uc,0.33119794495645444,0.015564243439556948
재벌집 막내아들,재벌,oTP96K_Dmv8,"⭐이성민 레전드 인생캐⭐ ""그게 돈이 됩니까ㅋ?"" 정미소 → 재계 1위 순양그룹을 만든 전설의 회장님....🔥 | 재벌집 막내아들 진양철 시점 리뷰",DRAMA Voyage,2026-03-20T09:01:18Z,11752,53,5,https://www.youtube.com/watch?v=oTP96K_Dmv8,0.45098706603131383,0.04254594962559564
재벌집 막내아들,재벌,MTyMFZXmAdw,[드라마픽] 송중기X김도현 통합본📁 재벌집 막내조카를 만나고 나의 황금 인생 시작됐다✨ | 재벌집 막내아들 | JTBC 230122 방송 외,DRAMA Voyage,2024-04-16T07:23:31Z,1334084,6342,297,https://www.youtube.com/watch?v=MTyMFZXmAdw,0.47538235973147114,0.02226246623151166
재벌집 막내아들,재벌,3op_iYGmosQ,＂왜 다 알고 계시죠?＂ 해외 투자 포트폴리오 몰래 훔쳐보던 큰아버지의 최후...💥｜재벌집 막내아들｜JTBC 221210 방송 외,DRAMA Voyage,2026-04-12T03:16:25Z,304555,910,91,https://www.youtube.com/watch?v=3op_iYGmosQ,0.2987966048825335,0.029879660488253353
재벌집 막내아들,재벌,haK8_aLZpZ0,"시청률 26.9%로 재밌다고 난리난 ""2022년 JTBC 드라마 1위"" 👑재벌집 막내아들 몰아보기👑",카랑Karang,2023-03-03T08:59:20Z,5309876,14626,1093,https://www.youtube.com/watch?v=haK8_aLZpZ0,0.2754489935358189,0.020584284830756878
재벌집 막내아들,재벌,F2-hPgcRL0M,재벌집 킹 메이커 맏며느리의 야망🔥｜재벌집 막내아들｜JTBC 221126 방송 외,DRAMA Voyage,2024-12-10T07:37:17Z,1145965,4584,411,https://www.youtube.com/watch?v=F2-hPgcRL0M,0.4000122167779993,0.03586496969802743
재벌집 막내아들,재벌,mIfvukkQmsw,"[15-16회 하이라이트] 송중기, 자신만의 방식으로 순양그룹을 손에 넣다😎✌ | 재벌집 막내아들 | JTBC 221225 방송",JTBC Drama,2022-12-28T01:39:26Z,2489706,10296,2017,https://www.youtube.com/watch?v=mIfvukkQmsw,0.41354280384912917,0.08101358152328027
재벌집 막내아들,재벌,telyVG1ANQY,순양가 유일 철부지의 감좋은 사업 머리✨｜재벌집 막내아들｜JTBC 221120 방송 외,DRAMA Voyage,2024-12-16T09:28:54Z,550681,2218,220,https://www.youtube.com/watch?v=telyVG1ANQY,0.4027740198045693,0.039950533975205246
재벌집 막내아들,재벌,NWXVJq3MZRk,[#재벌집막내아들] 7~9화 몰아보기,또 Voyage,2025-03-17T11:02:44Z,551031,2258,116,https://www.youtube.com/watch?v=NWXVJq3MZRk,0.40977730835470233,0.021051447196255745
재벌집 막내아들,재벌,SGII43TT9Kk,💥폭주💥 ＂왜 나만 들러리예요!!＂ 어린 조카한테까지 밀린 차남 조한철의 발악💢｜재벌집 막내아들｜JTBC 221210 방송 외,DRAMA Voyage,2025-06-11T06:53:00Z,1936352,6930,544,https://www.youtube.com/watch?v=SGII43TT9Kk,0.35788947464097437,0.028094065541802316
재벌집 막내아들,재벌,7K8YaGOo-xA,[사이다당] 🔥통쾌🔥 엄마 모욕한 고모에게 주식 정보 흘려서 셀프 나락 보내고 회사 지분까지 탈탈 챙긴 송중기ㅋ | 재벌집 막내아들 | JTBC 221210 방송 외,DRAMA Voyage,2024-04-02T07:26:44Z,5478077,18597,832,https://www.youtube.com/watch?v=7K8YaGOo-xA,0.3394804417681606,0.01518781134328707
재벌집 막내아들,재벌,L1NbZkKkhoA,[#재벌집막내아들] 박지현X김남희 서사 몰아보기,또 Voyage,2025-07-19T11:01:50Z,3625,30,3,https://www.youtube.com/watch?v=L1NbZkKkhoA,0.8275862068965517,0.08275862068965517
재벌집 막내아들,재벌,lIZmr1naXSA,말 한마디로 2조 벌기 So Easy~🎶 SSS급 장사 실력으로 재벌 2세 삼촌들 돈 뜯어내는 막내 조카ㄷㄷ｜재벌집 막내아들｜JTBC 221218 방송 외,DRAMA Voyage,2025-11-25T06:44:03Z,557189,1470,122,https://www.youtube.com/watch?v=lIZmr1naXSA,0.2638243037820201,0.02189562249075269
재벌집 막내아들,재벌,b-aTw3GnZX0,역시 사업가 핏줄ㅋㅋ 승계싸움+돈 욕심은 1도 없는 재벌집 유일한 ✨YOLO 인생✨ 강기둥이 번뜩 떠올린 美친 사업 아이템은?!｜재벌집 막내아들｜JTBC 252525 방송 외,DRAMA Voyage,2025-03-20T07:40:24Z,5012,38,2,https://www.youtube.com/watch?v=b-aTw3GnZX0,0.7581803671189146,0.03990422984836393
재벌집 막내아들,재벌,Lo0nW-a4zf0,[#재벌집막내아들] 13~최종화 몰아보기,또 Voyage,2025-03-18T11:01:24Z,696521,3507,400,https://www.youtube.com/watch?v=Lo0nW-a4zf0,0.5035024069626042,0.05742827567295171
재벌집 막내아들,재벌,18MtXXUQjgw,"IMF 직전, 아마좀 투자로 💰한국 최고의 달러 부자💰가 된 20살 대학생 송중기 | 재벌집 막내아들 1~6회 요약",DRAMA Voyage,2023-05-31T11:00:11Z,6657005,20466,1198,https://www.youtube.com/watch?v=18MtXXUQjgw,0.3074355509722465,0.01799608082012857
재벌집 막내아들,재벌,0BWSxo2cDAQ,[사이다당] 20년 만에 드러난 교통사고의 진실💥 흙수저 송중기의 청문회 자수로 나락 간 재벌 3세 김남희🙊｜재벌집 막내아들｜JTBC 221225 방송,DRAMA Voyage,2024-08-08T02:23:46Z,806056,3034,301,https://www.youtube.com/watch?v=0BWSxo2cDAQ,0.3764006471014421,0.03734231864783588
재벌집 막내아들,재벌,MF93gLpHyEM,독기 미쳤다..ㄷㄷ 재벌 장손과 정략 결혼한 맏며느리 실체?! 순양가 안주인 차지하기 위한 킹 메이커 박지현의 美친 야망..🔥🔥｜재벌집 막내아들｜JTBC 221126 방송 외,DRAMA Voyage,2025-05-19T10:17:35Z,4690,27,2,https://www.youtube.com/watch?v=MF93gLpHyEM,0.5756929637526652,0.042643923240938165
재벌집 막내아들,재벌,vyl04b_00Hw,🔥통쾌🔥 계략 가득한 이사회장 임원들 당황시킨 목숨 걸고 등장한 회장님ㄷㄷ｜재벌집 막내아들｜JTBC 221216 방송 외,DRAMA Voyage,2024-12-19T12:36:20Z,307285,1470,81,https://www.youtube.com/watch?v=vyl04b_00Hw,0.4783832598402135,0.026359893909562785
재벌집 막내아들,재벌,oIeP7st5Mfc,"날 죽인 재벌 가문의 막내로 회귀한 뒤 IMF 직전, 아마존 풀매수 갈겨서 최소 2000억을 달러로 벌었더니 회장보다 달러가 많아졌다ㅋㅋ너넨 D졌다..! ≪재벌집막내아들≫ 4~5화",지무비 : G Movie,2022-11-27T01:00:18Z,4362821,31170,1085,https://www.youtube.com/watch?v=oIeP7st5Mfc,0.7144459972114373,0.024869230252627827
재벌집 막내아들,재벌,a9o6OGK6_bk,엄마 모욕한 고모 탈탈 털어 참교육하는 송중기 | 재벌집 막내아들 | 젭드_명장면 | JTBC 221204 방송 외,JTBC Drama,2026-02-20T09:00:01Z,313076,1271,86,https://www.youtube.com/watch?v=a9o6OGK6_bk,0.40597171293871137,0.02746936846005443
재벌집 막내아들,재벌,MctIc_xoN-U,＂넌 그런 그릇이 못돼ㅋ＂ 재벌집 장손인 망나니 아들 💥뼈 때리는💥 회장님의 팩폭쇼?!? 역대급 금쪽이 길들이는 법🔥 | 재벌집 막내아들 | JTBC 221225 방송 외,DRAMA Voyage,2024-10-23T07:32:44Z,635816,2505,234,https://www.youtube.com/watch?v=MctIc_xoN-U,0.39398190671515027,0.03680310026800206
재벌집 막내아들,재벌,iyZSA6Wto5A,[#재벌집막내아들] 주식 셀프 나락 참교육 몰아보기💀,또 Voyage,2025-07-17T11:01:17Z,384940,1473,132,https://www.youtube.com/watch?v=iyZSA6Wto5A,0.38265703746038343,0.03429105834675534
재벌집 막내아들,재벌,9DyASLOSKL8,[드덕이픽] 🔥무능력 아빠 VS 이기적인 아들🔥 맑눈광 사촌 동생 계략에 아버지 뒤통수치는 불효자(?) 김남희｜재벌집 막내아들｜JTBC 221224 방송,DRAMA Voyage,2024-08-09T05:02:17Z,1892426,5742,265,https://www.youtube.com/watch?v=9DyASLOSKL8,0.3034200544697653,0.014003189556685438
재벌집 막내아들,재벌,W5feqfukVKA,"[7-8회 하이라이트] 순양 승계 싸움 시작♨ 송중기, 삼남매 도장깨기 가보자고↗ | 재벌집 막내아들  | JTBC 221204 방송",JTBC Drama,2022-12-08T02:10:32Z,5125722,20769,671,https://www.youtube.com/watch?v=W5feqfukVKA,0.40519169787202663,0.013090838715014198
재벌집 막내아들,재벌,uaWy78veDA4,[9-11회 하이라이트] 송중기-이성민을 위협하는 가족 등장👿 목숨 걸고 싸우는 순양家 | 재벌집 막내아들  | JTBC 221211 방송,JTBC Drama,2022-12-15T02:07:12Z,3711652,15932,590,https://www.youtube.com/watch?v=uaWy78veDA4,0.42924282772199546,0.015895886791110807
재벌집 막내아들,재벌,t_NiEpzSdno,"날 죽인 재벌 가문의 막내로 회귀한 뒤, 가족분열 시키고 빚 2조 만들고, 5조 짜리 사업 빼앗아 멘탈 작살 낸 뒤, 사실 다 내가 한 거라고 커밍아웃하는 레전드 참교육 드라마ㅋㅋ",지무비 : G Movie,2022-11-29T07:00:30Z,2532611,21734,912,https://www.youtube.com/watch?v=t_NiEpzSdno,0.8581657427848176,0.036010267664477486
재벌집 막내아들,재벌,QL2VgbG4zpo,[드덕이픽] 적자나도 자동차 산업 포기 못하는 이성민🚘 순양 자동차 다 팔아버린 송중기의 천재적 마케팅 비법은⁉ | 재벌집 막내아들 | JTBC 221217 방송 외,DRAMA Voyage,2024-04-19T09:09:14Z,1943360,9676,535,https://www.youtube.com/watch?v=QL2VgbG4zpo,0.49790054338877,0.02752963938745266
재벌집 막내아들,재벌,1WPVsp0qkwk,(SUB) [14회 하이라이트] 이성민의 큰 그림..? 한 푼도 안 남겨준다던 송중기에게 남긴 진짜 유언💧 | 재벌집 막내아들 | JTBC 221218 방송,JTBC Drama,2022-12-18T14:44:47Z,4535865,23296,1656,https://www.youtube.com/watch?v=1WPVsp0qkwk,0.5135955324949045,0.036509023086004545
재벌집 막내아들,재벌,lOZfdVj4KyY,[#재벌집막내아들] 10~12화 몰아보기,또 Voyage,2025-03-18T11:01:10Z,218113,898,44,https://www.youtube.com/watch?v=lOZfdVj4KyY,0.4117131945367768,0.020173029576412226
재벌집 막내아들,재벌,RV11kFYCOOA,2002년 ✨4강 진출 신화✨로 순양자동차 마케팅 대성공시킨 송중기⚽｜재벌집 막내아들｜JTBC 221218 방송 외,DRAMA Voyage,2026-02-02T08:32:12Z,234250,973,94,https://www.youtube.com/watch?v=RV11kFYCOOA,0.41536819637139805,0.04012806830309498
재벌집 막내아들,재벌,TW0ucixRl6U,[아무모음] 1400억 빌려달라는 금쪽이들 때문에 바람 잘 날 없는 진양철 회장 모음🤦‍♂️ | 재벌집 막내아들 | JTBC 221210 방송 외,DRAMA Voyage,2024-05-29T07:42:16Z,901392,3414,241,https://www.youtube.com/watch?v=TW0ucixRl6U,0.3787475371425529,0.026736425439764275
상속자들,재벌,K_2EcUcXWQs,"레전드 드라마 [상속자들] Ep.12, 13 '영도파 VS 김탄파' / 'The Heirs' Review-Subtitled",SBS ,2019-07-20T14:58:45Z,13218596,76505,4107,https://www.youtube.com/watch?v=K_2EcUcXWQs,0.5787679720297072,0.031069865513705087
상속자들,재벌,FsS9x6KBiFg,"레전드 드라마 [상속자들] Ep.20 '그럼에도 우린, 직진' / 'The Heirs' Review-Subtitled",SBS ,2019-08-17T15:00:11Z,8291569,58131,3259,https://www.youtube.com/watch?v=FsS9x6KBiFg,0.7010856449485012,0.03930498558234274
상속자들,재벌,uNuXC0SOs_8,레전드 드라마 [상속자들] Ep.5 '루시퍼 등장' / 'The Heirs' Review-Subtitled,SBS ,2019-06-15T14:58:17Z,5535808,32206,1415,https://www.youtube.com/watch?v=uNuXC0SOs_8,0.5817759575476606,0.02556085760199776
상속자들,재벌,DSza9JNMwn0,레전드 드라마 [상속자들] Ep.7 '난 네가 좋아졌어!' / 'The Heirs' Review-Subtitled,SBS ,2019-06-29T14:58:13Z,6096828,35458,1482,https://www.youtube.com/watch?v=DSza9JNMwn0,0.5815811107021552,0.02430772198264409
상속자들,재벌,6XHxRC_arCE,"레전드 드라마 [상속자들] Ep.10, 11 '다 물에 빠우져!' / 'The Heirs' Review-Subtitled",SBS ,2019-07-13T14:58:15Z,6495041,40773,2285,https://www.youtube.com/watch?v=6XHxRC_arCE,0.6277558525034715,0.035180686311295034
상속자들,재벌,LI4dEQQ-A5E,"이민호, 박신혜 주연 '상속자들' 《띵작테레비 / 드라마 다시보기 / 스브스캐치》",SBS Catch,2018-03-27T06:33:05Z,2960648,16501,1426,https://www.youtube.com/watch?v=LI4dEQQ-A5E,0.5573442030258241,0.04816513141717624
상속자들,재벌,6fVk01160kM,레전드 드라마 [상속자들] Ep.3 '너 좀 귀엽다?' / 'The Heirs' Review-Subtitled,SBS ,2019-06-01T14:58:13Z,3587375,20763,889,https://www.youtube.com/watch?v=6fVk01160kM,0.57877974842329,0.024781351266594653
상속자들,재벌,214-UxrLANY,레전드의 시작 〈상속자들〉 김탄이 차은상에게 빠졌을 때💘  #상속자들 #모았캐치 #SBSCatch,SBS Catch,2024-02-19T06:00:01Z,371031,2464,142,https://www.youtube.com/watch?v=214-UxrLANY,0.6640954529405898,0.03827173470680348
상속자들,재벌,eLL3ODzEUw8,장난에서 시작한 마음이 짝사랑으로 발전한 제국고 빌런 김우빈 서사 모아보기.zip #상속자들 #모았캐치 #SBSCatch,SBS Catch,2022-04-04T06:00:06Z,6032603,36098,1184,https://www.youtube.com/watch?v=eLL3ODzEUw8,0.5983818262199584,0.019626685197086564
상속자들,재벌,mkWwwti29jY,잘 봐 엄마들 기싸움이다! 박신혜 가짜 엄마 돈자랑에 기 눌려 아들에게 바로 일러바치는 미란여사님 #모았캐치 #상속자들 #SBSCatch,SBS Catch,2022-01-19T05:00:30Z,13704196,49692,2510,https://www.youtube.com/watch?v=mkWwwti29jY,0.3626042709838651,0.018315558242161745
상속자들,재벌,Sn4R7YKIlU8,"레전드 드라마 [상속자들] Ep.16, 17 사라진 은상이와 전설의 그 키스' / 'The Heirs' Review-Subtitled",SBS ,2019-08-03T14:58:45Z,11881681,72377,2768,https://www.youtube.com/watch?v=Sn4R7YKIlU8,0.60914781334392,0.023296366902966003
상속자들,재벌,x7UY0hRXnuA,＂선 긋지 마 확 넘어버리기 전에..＂ 비글美 고백 폭격기 김우빈💘.ZIP  #모았캐치 #상속자들 #김우빈 #SBSCatch,SBS Catch,2023-05-13T04:00:31Z,566211,5003,279,https://www.youtube.com/watch?v=x7UY0hRXnuA,0.8835928655571862,0.04927491694792224
상속자들,재벌,FtUAa4hzDws,"레전드 드라마 [상속자들] Ep.18, 19 '이젠 보지 말자' / 'The Heirs' Review-Subtitled",SBS ,2019-08-10T14:57:45Z,9384498,56675,2587,https://www.youtube.com/watch?v=FtUAa4hzDws,0.6039214883950106,0.02756673825280798
상속자들,재벌,ohr_N9_ga-c,이렇게 귀여운 사모님 봤어? 은근한 허당캐 제국그룹 서열 꼴찌(?) 재벌 사모님 김성령🌻 탄이 엄마 귀여운 거 모두가 알아야 해(/▽＼) #상속자들 #모았캐치 #SBSCatch,SBS Catch,2024-02-22T06:51:58Z,1344148,6854,246,https://www.youtube.com/watch?v=ohr_N9_ga-c,0.5099140868416275,0.0183015560786461
상속자들,재벌,CzkIeNGglvg,다시보는 〈상속자들〉 직진밖에 모르는 츤데레 김탄 모음 1편.zip 《모았캐치 / 스브스캐치》,SBS Catch,2020-06-25T08:30:02Z,3797765,30297,1125,https://www.youtube.com/watch?v=CzkIeNGglvg,0.7977586817509772,0.02962268597451396
상속자들,재벌,BwvDUt82Mjw,레전드 드라마 [상속자들] Ep.1 명작의 재발견!'한류 스타들을 탄생시킨 드라마' / 'The Heirs' Review-Subtitled,SBS ,2019-05-18T15:15:06Z,5148803,31097,1311,https://www.youtube.com/watch?v=BwvDUt82Mjw,0.6039656207471911,0.02546222879376041
상속자들,재벌,yWLV_MfbsXM,"레전드 드라마 [상속자들] Ep.14, 15 '대환장 파티' / 'The Heirs' Review-Subtitled",SBS ,2019-07-27T14:58:12Z,6858262,43679,2700,https://www.youtube.com/watch?v=yWLV_MfbsXM,0.6368814723030412,0.03936857472053416
상속자들,재벌,SPMVUnHRMrI,[#또보드] 아빠 미소 자동 장착🤭 이 세상 귀여움이 아닌 상속자들 이보나 모음.zip💕 #상속자들,SBS 옛날 드라마 - 빽드,2024-08-18T08:00:18Z,820933,6878,217,https://www.youtube.com/watch?v=SPMVUnHRMrI,0.8378272039252899,0.026433338652484432
상속자들,재벌,CLpULi_AIIs,아버지에 맞서는 겁 없고 파렴치한 낭랑 18세의 사랑❤️ 역시 재벌은 아버지 뜻 거스르는 맛이지! #모았캐치 #상속자들 #SBSCatch,SBS Catch,2022-04-05T07:00:02Z,3108094,20129,588,https://www.youtube.com/watch?v=CLpULi_AIIs,0.6476316353366404,0.018918346742408693
상속자들,재벌,keJAQXBLlHc,이 조합 다시봐도 찬성이요✋🏻 레전드로 남은 능글 선배 이효신 X 아기 독설가 유라헬💛 여기가 바로 관계성 맛집! #상속자들 #모았캐치 #SBSCatch,SBS Catch,2024-02-28T07:00:21Z,545793,5052,230,https://www.youtube.com/watch?v=keJAQXBLlHc,0.9256256492846189,0.04214051847495296
상속자들,재벌,W3R46kW14ls,잔망터지는 제국고 핵인싸 박형식😆 예뻐서 때릴 수도 없는 제국그룹 막내딸 명숙이 모드🌷 #상속자들 #모았캐치 #SBSCatch,SBS Catch,2024-01-29T06:00:11Z,809264,6369,168,https://www.youtube.com/watch?v=W3R46kW14ls,0.7870114078965578,0.020759603788133418
상속자들,재벌,fUQgDZUSQWU,상위 0.0001% 재벌 이민호에게 파혼 통보하는 김지원💸(속마음 : 붙잡아라..붙잡아라..)  #모았캐치 #상속자들 #SBSCatch,SBS Catch,2022-03-25T06:00:12Z,2064798,10961,645,https://www.youtube.com/watch?v=fUQgDZUSQWU,0.5308509597549009,0.0312379225473872
상속자들,재벌,4q4IO9_lxrI,승부욕 생기게 훅 들어오는 츤츤매력 이보나💛 은근히 찌푸리는 미간에 끼고 싶어(¬‿¬).zip #상속자들 #모았캐치 #SBSCatch,SBS Catch,2021-08-25T07:00:01Z,7661177,46554,1385,https://www.youtube.com/watch?v=4q4IO9_lxrI,0.6076611987949111,0.018078162141404643
부부의 세계,불륜복수,QrCB1w8i7nk,[핵심요약★부부의 세계] 1-16회 전편 정주행 〈부부의 세계(the world of the married) 〉,JTBC Drama,2020-05-22T07:32:12Z,5501171,39631,2515,https://www.youtube.com/watch?v=QrCB1w8i7nk,0.7204102544712753,0.045717539047595505
부부의 세계,불륜복수,uw9bAAEuyP0,【크리스마스 특집🎅】사랑 밖에 모르는 ❤유.죄.남❤의 트루 러브 찾기｜부부의 세계｜JTBC 190112 방송 외,DRAMA Voyage,2024-12-24T13:24:54Z,779784,4347,344,https://www.youtube.com/watch?v=uw9bAAEuyP0,0.5574620664183928,0.044114780503318865
부부의 세계,불륜복수,LzeAKUlBIxI,【1~6화 몰아보기🎬】 생일 파티에 불륜녀 초대한 남편?! 💥사랑꾼→국민 X레기💥으로 둔갑한 박해준 파국가는 드라마｜부부의 세계｜JTBC 200411 방송 외,DRAMA Voyage,2026-05-05T02:28:19Z,9487,29,3,https://www.youtube.com/watch?v=LzeAKUlBIxI,0.30568145883841047,0.031622219879835566
부부의 세계,불륜복수,vwbiP8R8jRM,[#부부의세계] 13~최종화 몰아보기,또 Voyage,2025-04-01T11:04:00Z,388134,2355,250,https://www.youtube.com/watch?v=vwbiP8R8jRM,0.606749215477129,0.06441074474279501
부부의 세계,불륜복수,FQXRzWiE0E4,미친.. 종편에서 시청률 31.6% 찍었던..앞으로도 영원히 깨지지 않을 JTBC 부동의 1위 전설의 드라마,지무비 : G Movie,2024-11-09T01:00:13Z,2896628,14750,510,https://www.youtube.com/watch?v=FQXRzWiE0E4,0.5092127812062853,0.017606679214590207
부부의 세계,불륜복수,emrOj7JBiz8,딸의 원치 않는 임신소식을 들은 엄마의 반응.. 《부부의 세계 - 2부 총정리》,소개해주는 남자,2022-02-03T11:00:18Z,2045582,10875,303,https://www.youtube.com/watch?v=emrOj7JBiz8,0.5316335399900859,0.014812410355585844
부부의 세계,불륜복수,xAopIOpNkZE,[핵심요약★부부의 세계] 7-16회 한편으로 몰아보기 〈부부의 세계(the world of the married) 〉,JTBC Drama,2020-05-21T10:41:58Z,3144710,16826,740,https://www.youtube.com/watch?v=xAopIOpNkZE,0.5350572866814428,0.023531581608479003
부부의 세계,불륜복수,7aXp_ZWbPcg,【7~16화 몰아보기🎬】 내연녀와 재혼해놓고 전처랑 또 바람피운💥 역대급 똥차 박해준의 처참한 최후💦｜부부의 세계｜JTBC 200516 방송 외,DRAMA Voyage,2026-05-12T09:29:55Z,6934,28,4,https://www.youtube.com/watch?v=7aXp_ZWbPcg,0.4038073262186328,0.05768676088837611
부부의 세계,불륜복수,ZaXHlJkavA0,[골라봐야지] ＂이태오는 진짜 나쁜X＂ 부부의 세계 종영 후 두 주인공이 밝히는 드라마 비하인드 #방구석1열 #JTBC봐야지,JTBC Voyage,2020-09-04T10:45:25Z,870449,7076,389,https://www.youtube.com/watch?v=ZaXHlJkavA0,0.8129137950643863,0.044689579745625534
부부의 세계,불륜복수,mXNok7EKXO4,🔥사이다🔥 ＂내 친구가 맞긴 하니?＂ 남편 불륜녀와 여행 다녀온 절친들 패는 김희애의 복수전 70분  | 부부의 세계 | JTBC 200411 방송 외,DRAMA Voyage,2026-04-14T09:48:42Z,84407,379,47,https://www.youtube.com/watch?v=mXNok7EKXO4,0.44901489212979967,0.05568258556754772
부부의 세계,불륜복수,hZN21nd_-0s,본처 직장까지 찾아온 불륜녀의 패기 | 부부의세계 | 젭드_명장면 | JTBC 200328 방송 외,JTBC Drama,2026-02-06T09:00:58Z,35105,126,6,https://www.youtube.com/watch?v=hZN21nd_-0s,0.3589232303090728,0.017091582395670133
부부의 세계,불륜복수,uw2nap3wVlg,[사이다당] 이혼 진행시켜↗ 전 부인이랑 하룻밤 잔 댓가로 뺨 맞고 버림 받은 박해준｜부부의 세계｜JTBC 200515 방송,DRAMA Voyage,2022-02-24T09:06:43Z,3589326,13062,1326,https://www.youtube.com/watch?v=uw2nap3wVlg,0.36391233340186985,0.036942868939739665
부부의 세계,불륜복수,2QSLnEE0wtk,미친 전개로 3년 간 방송국 시청률 1위한 전설의 드라마 [부부의 세계] 다시 몰아보기!,리뷰 봐야지,2023-12-30T01:00:02Z,1622578,5015,134,https://www.youtube.com/watch?v=2QSLnEE0wtk,0.30907605058123555,0.008258462767275286
부부의 세계,불륜복수,sM6VmSLFmEc,"[드라마픽] 눈빛 한번 안 흔들리고 한소희 참교육하는 박선영의 카리스마 너무 멋있스마,,💖｜부부의 세계｜JTBC 200515 방송 외",DRAMA Voyage,2021-03-20T08:42:35Z,6115369,24636,1188,https://www.youtube.com/watch?v=sM6VmSLFmEc,0.40285385885953895,0.01942646469902307
부부의 세계,불륜복수,h-R7Br7SH1Y,[#부부의세계] 7~9화 몰아보기,또 Voyage,2025-04-01T11:02:00Z,40424,204,10,https://www.youtube.com/watch?v=h-R7Br7SH1Y,0.5046507025529388,0.024737779536908765
부부의 세계,불륜복수,kr0pI2Yc8eU,[#부부의세계] 1~3화 몰아보기,또 Voyage,2025-04-01T11:01:03Z,34267,201,11,https://www.youtube.com/watch?v=kr0pI2Yc8eU,0.5865701695508798,0.03210085505004815
부부의 세계,불륜복수,aknvLMNf4H4,[드라마픽] 김희애X한소희 통합본📁 충고 무시하고 까불더니 나락 간 내연녀의 최후｜부부의 세계｜JTBC 200515 방송 외,DRAMA Voyage,2023-03-30T14:31:12Z,1681756,6095,533,https://www.youtube.com/watch?v=aknvLMNf4H4,0.3624188051060915,0.03169306367867871
부부의 세계,불륜복수,fHNzEPA6P9s,관식아 왜 그랬어💦 바람피우다 딱 걸린 박해준 재산 몰수하고 참교육 퍼붓는 아내 한소희ㅋ | 부부의 세계 | JTBC 200515 방송 외,DRAMA Voyage,2025-04-16T09:48:26Z,350621,1462,96,https://www.youtube.com/watch?v=fHNzEPA6P9s,0.41697445389751325,0.0273799915007943
부부의 세계,불륜복수,1qKUA7eDmV0,[#부부의세계] 4~6화 몰아보기,또 Voyage,2025-04-01T11:01:20Z,30889,137,6,https://www.youtube.com/watch?v=1qKUA7eDmV0,0.4435235844475379,0.019424390559746187
부부의 세계,불륜복수,wD78xyioye4,[드라마픽][EP.4]김희애VS한소희 전 와이프의 경고를 무시한 현 와이프의 최후💔｜부부의 세계｜JTBC 200515 방송 외,DRAMA Voyage,2021-03-13T10:22:18Z,3869081,16699,964,https://www.youtube.com/watch?v=wD78xyioye4,0.4316011993545754,0.024915477344620077
부부의 세계,불륜복수,mL6x1oXV7Lc,[#부부의세계] 10~12화 몰아보기,또 Voyage,2025-04-01T11:03:00Z,34817,163,11,https://www.youtube.com/watch?v=mL6x1oXV7Lc,0.46816210471895914,0.031593761668150616
펜트하우스,불륜복수,g8MEXGY_zsQ,"시즌3까지 만든 '시청률 30%'  주단태, 천서진 역대급 빌런 드라마 ㄷㄷㄷ🔥 #펜트하우스 전시즌 몰아보기 #출근후리뷰",SBS 옛날 드라마 - 빽드,2023-10-26T08:00:29Z,5219085,25381,1439,https://www.youtube.com/watch?v=g8MEXGY_zsQ,0.4863112978615984,0.02757188281087585
펜트하우스,불륜복수,TycIYgaDdC4,[#펜트하우스] 시즌1 복습 1~10화 핵심만 요약! 정주행 생각에 벌써 떨리는군...^^ #ThePenthouse #SBScatch  - 간접광고 포함 -,SBS Catch,2021-01-07T12:00:10Z,7804084,67646,3338,https://www.youtube.com/watch?v=TycIYgaDdC4,0.8668025613255829,0.042772476564834516
펜트하우스,불륜복수,KriepJ1P3j8,펜트하우스3 6회 요약 | 얽힌 실타래를 풀어야 해🧐 공공의 적을 두고 힘을 합친 그들🤝 #펜트하우스3 #ThePenthouse3 #SBSdrama,SBS 스브스 Drama,2024-05-03T08:00:20Z,370139,2226,80,https://www.youtube.com/watch?v=KriepJ1P3j8,0.6013956918887229,0.021613501954671082
펜트하우스,불륜복수,kRowiBfGBHM,펜트하우스2 3회 요약 | 거긴 네 자리가 아냐😏 은퇴해 가짜 소프라노 천서진👄 #펜트하우스2 #ThePenthouse2 #SBSdrama,SBS 스브스 Drama,2024-03-14T08:00:31Z,387463,2068,72,https://www.youtube.com/watch?v=kRowiBfGBHM,0.533728381806779,0.01858241948263447
펜트하우스,불륜복수,sNql5_AlRgo,[펜트하우스] 스페셜 '찐광기란 이런 것! 실검 장악한 김소연 소름 돋는 연기 모음' / 'The Penthouse' Special | SBS NOW,SBS ,2020-12-16T09:00:09Z,3453485,32054,4468,https://www.youtube.com/watch?v=sNql5_AlRgo,0.9281638692509161,0.12937655730370917
펜트하우스,불륜복수,FLjSG2dsqvA,펜트하우스 TOP9 공연 모음이 도착했습니다🎁 하늘이 내린 천상의 목소리는 누규~? #펜트하우스2 #SBScatch,SBS Catch,2021-04-09T01:07:12Z,13320980,193220,4344,https://www.youtube.com/watch?v=FLjSG2dsqvA,1.4504938825822125,0.032610213362680524
펜트하우스,불륜복수,RiVm9xO8Y3k,[펜트하우스3] '시즌3 영상 최초공개! 과몰입 해제하게 만드는 비서들과 펜트 키즈들!' / 'The Penthouse3' Special | SBS NOW | SBS NOW,SBS ,2021-06-03T04:40:34Z,3238083,69305,2004,https://www.youtube.com/watch?v=RiVm9xO8Y3k,2.1403095596993653,0.06188846919612623
펜트하우스,불륜복수,PdgSV5SW7Xs,펜트하우스 13회 요약💥헤라펠리스 내부에 민설아를 죽인 범인이 있다? #펜트하우스 #ThePenthouse #SBSdrama,SBS 스브스 Drama,2023-09-06T08:00:26Z,127039,672,25,https://www.youtube.com/watch?v=PdgSV5SW7Xs,0.5289714182258991,0.019678996213761128
펜트하우스,불륜복수,r_hpw_7Ht4E,[펜트하우스] '배우들이 모여서 주단태 키스신을 본다면? 스페셜 방송 하이라이트' / 'The Penthouse' Special Highlight | SBS NOW,SBS ,2021-01-13T08:31:51Z,4385047,48921,1586,https://www.youtube.com/watch?v=r_hpw_7Ht4E,1.115632283986922,0.036168369461034286
펜트하우스,불륜복수,mo30t3OpqWE,[펜트하우스2] '엄마가 미안해.. 배로나를 잃은 오윤희의 뜨거운 눈물' / 'The Penthouse2' Special | SBS NOW,SBS ,2021-03-09T11:53:23Z,11405054,144060,5734,https://www.youtube.com/watch?v=mo30t3OpqWE,1.2631242254530317,0.050275956606606165
펜트하우스,불륜복수,Kxr95rvHXVI,"펜트하우스 캐릭터별 최후 엔딩만 모아봄,, 진짜 아직도 엔딩 소름ㄷㄷ💦 #펜트하우스3 #SBScatch",SBS Catch,2021-09-15T04:00:06Z,2844448,25774,1509,https://www.youtube.com/watch?v=Kxr95rvHXVI,0.9061160548549314,0.05305071493660633
펜트하우스,불륜복수,Rx_9OE9nl9k,[펜트하우스2] 2회 요약 '서진아 뭐 하러 아등바등해~이미 윤희가 다 불렀는데ㅋ ' / 'The Penthouse2' Special | SBS NOW,SBS ,2021-02-25T07:12:23Z,6938713,49398,1857,https://www.youtube.com/watch?v=Rx_9OE9nl9k,0.711918766491711,0.02676288816096011
펜트하우스,불륜복수,To29hLi96VY,[펜트하우스] 스페셜 '심수련의 숨겨진 딸 주혜인이 살아 돌아왔다!' / 'The Penthouse' Special | SBS NOW,SBS ,2020-12-24T03:30:03Z,3722941,27512,1492,https://www.youtube.com/watch?v=To29hLi96VY,0.7389856567697419,0.04007584326477374
펜트하우스,불륜복수,Nry11ORQtWI,펜트하우스3 9회 요약 | N과 S극처럼 떨어질 수 없는 단태❤️서진 나락 갈 때도 함께하자 #펜트하우스3 #ThePenthouse3 #SBSdrama,SBS 스브스 Drama,2024-05-16T08:00:12Z,396562,2097,60,https://www.youtube.com/watch?v=Nry11ORQtWI,0.5287949929645301,0.015130042717153937
펜트하우스,불륜복수,u--XTkowg64,🔥개 쎈 엄빠 사이에서 깡 하나로 이겨먹는 주석경.ZIP🔥 #펜트하우스 #모았캐치 #SBSCatch,SBS Catch,2022-09-06T07:00:29Z,2948138,15237,620,https://www.youtube.com/watch?v=u--XTkowg64,0.5168346936269606,0.021030223144235444
펜트하우스,불륜복수,8NHsjz5NdCc,펜트하우스3 2회 요약 | 이기적인 욕망이 불러온 재앙☠️ #펜트하우스3 #ThePenthouse3 #SBSdrama,SBS 스브스 Drama,2024-04-19T08:00:09Z,335732,1860,80,https://www.youtube.com/watch?v=8NHsjz5NdCc,0.5540133201482135,0.023828529898847893
펜트하우스,불륜복수,cGuzBuK3zvs,[펜트하우스] 4회 요약 '추락사 한 소녀의 죽음을 은폐하려는 상류층 사람들' / 'The Penthouse' Special | SBS NOW,SBS ,2020-11-05T08:00:05Z,2277926,18592,1646,https://www.youtube.com/watch?v=cGuzBuK3zvs,0.8161810348536345,0.07225871253060899
펜트하우스,불륜복수,KUHazeiwEjk,"펜트하우스 2회 요약 | 너 따위가 어딜! 무시는 기본, 괴롭힘은 옵션 #펜트하우스 #ThePenthouse #SBSdrama",SBS 스브스 Drama,2023-08-26T08:00:07Z,131712,867,45,https://www.youtube.com/watch?v=KUHazeiwEjk,0.6582543731778425,0.03416545189504373
펜트하우스,불륜복수,7lT8gD9oLlk,190평 강남 슈퍼펜트하우스 실물공개 분노의질주 나올법한 초대형 테라스만 90평 [폴스타인 논현] 강남 하이엔드 고급주택  ✨,굿파트너TV,2024-12-10T13:28:54Z,515345,2911,87,https://www.youtube.com/watch?v=7lT8gD9oLlk,0.5648643141972853,0.016881894653096467
펜트하우스,불륜복수,XgbUenq6mMQ,펜트하우스2 1회 요약 | 모든 게 완벽해 보였는데... 다시 시작된 비극🩸 #펜트하우스2 #ThePenthouse2 #SBSdrama,SBS 스브스 Drama,2024-03-07T08:00:17Z,312525,1770,99,https://www.youtube.com/watch?v=XgbUenq6mMQ,0.56635469162467,0.03167746580273578
펜트하우스,불륜복수,DEEcrk-pAX0,펜트하우스 8회 요약🥸 미스터’리’ 구호동의 등장! 더 단단해지는 수련과 윤희👭 #펜트하우스 #ThePenthouse #SBSdrama,SBS 스브스 Drama,2023-09-01T08:00:06Z,135951,747,31,https://www.youtube.com/watch?v=DEEcrk-pAX0,0.5494626740516804,0.022802333193577096
펜트하우스,불륜복수,ZuTXHIRaTZE,[요약] 휴지 없인 못 보는 〈펜트하우스2〉 눈물 버튼💧 모음! 😭편집자도 오열 중😭 #펜트하우스2 #SBScatch,SBS Catch,2021-03-25T01:30:01Z,4966426,56998,1750,https://www.youtube.com/watch?v=ZuTXHIRaTZE,1.1476663500070272,0.03523660676711986
펜트하우스,불륜복수,KARPb2-QtcQ,"[#습드소] (SUB) ""엄마처럼 살지 마.. 너는 꼭 행복해야 돼... 사랑한다"" 천서진, 하은별 모녀의 최후 | 펜트하우스3(Penthouse3) | SBS DRAMA",SBS 스브스 Drama,2021-09-13T02:00:03Z,2912199,28837,1804,https://www.youtube.com/watch?v=KARPb2-QtcQ,0.9902139242544895,0.06194631616864095
펜트하우스,불륜복수,HMFoA4RcEes,[#습드소] (SUB) 주단퉷에게 세상 착하게 침 뱉는 천서진❤ (ft. 주단탱 꾸러기 표정 금지) | 펜트하우스2(Penthouse2) | SBS DRAMA,SBS 스브스 Drama,2021-03-16T02:00:01Z,1055038,8436,667,https://www.youtube.com/watch?v=HMFoA4RcEes,0.7995920526085316,0.06322047167969305
펜트하우스,불륜복수,bKBA5U3G_KA,"[요약] 정뚝떨 is 과학! 민혁X규진, 정떨어지는 순간들😫 #펜트하우스2 #SBScatch",SBS Catch,2021-03-12T09:30:03Z,2438215,20519,1486,https://www.youtube.com/watch?v=bKBA5U3G_KA,0.8415582711122687,0.060946225004767825
펜트하우스,불륜복수,djAQuCkLFcM,펜트하우스 시즌1 종영 기념 미방영 Full 영상을 공개합니다!!ヾ(￣▽￣) Bye~Bye~  #펜트하우스 #SBScatch,SBS Catch,2021-01-07T09:14:18Z,3955034,54565,2639,https://www.youtube.com/watch?v=djAQuCkLFcM,1.3796341573801894,0.06672509010036323
펜트하우스,불륜복수,NsIqzLTo8a0,[펜트하우스] 스페셜 '이대로 가면 결말 하드캐리 각! 사이다 모음' / 'The Penthouse' Special | SBS NOW,SBS ,2020-12-18T11:30:12Z,2501160,20042,1053,https://www.youtube.com/watch?v=NsIqzLTo8a0,0.8013081929984487,0.04210046538406179
펜트하우스,불륜복수,gM8IsD1GLsA,[스페셜] 보는 내내 통쾌한 펜트하우스 사이다 모음집★ㅣ펜트하우스(Penthouse)ㅣSBS DRAMA,SBS 스브스 Drama,2020-12-18T12:01:00Z,3272488,21601,932,https://www.youtube.com/watch?v=gM8IsD1GLsA,0.6600788146511156,0.028479859971984618
펜트하우스,불륜복수,rgkS738QFpU,[#습드소] 심수련❤석남매 행복길만 걷쟈❁´▽`❁ (ft. 석남매에 진심이었던 나애교) | 펜트하우스2(Penthouse2) | SBS DRAMA,SBS 스브스 Drama,2021-03-31T01:45:01Z,3397397,30572,1280,https://www.youtube.com/watch?v=rgkS738QFpU,0.8998653969494881,0.03767590305165984
펜트하우스,불륜복수,JS3ec-lLRQ4,펜트하우스2 13회 요약 | 증거 다 있는데 발뺌해? 정신 못차린 사람들 혼쭐내주기 성공한 심수련😎 #펜트하우스2 #ThePenthouse2 #SBSdrama,SBS 스브스 Drama,2024-04-18T08:00:11Z,598669,3551,194,https://www.youtube.com/watch?v=JS3ec-lLRQ4,0.5931491358329894,0.032405218910616714
펜트하우스,불륜복수,MMRKy_Lj4pk,[메이킹 몰아보기] 펜트하우스 시즌3 오래오래 기억하실 분? 싹싹 긁어 모은 시즌3 메이킹 복습하면서 추억합시다♥ #펜트하우스 #SBSCatch,SBS Catch,2021-10-01T06:30:03Z,698939,7571,343,https://www.youtube.com/watch?v=MMRKy_Lj4pk,1.083213270399849,0.04907438274298616
펜트하우스,불륜복수,njrtsAEiIyc,[펜트하우스2] '심수련이 살아 돌아오기라도 한 줄 알았어? 주단태의 X와이프 나애교 등장!' / 'The Penthouse2' Special | SBS NOW,SBS ,2021-03-15T07:14:32Z,5717856,33429,1844,https://www.youtube.com/watch?v=njrtsAEiIyc,0.5846422155437282,0.0322498502935366
