period,video_id,title,channel,published_at,duration_seconds,format_type,view_count,like_count,comment_count
2020,RbRYV1H8og0,(Spicy Food Eating) - Fresh Tofu with Chillies - mukbang ASMR | Sisters Eating #Shorts,Spicy Momo,2020-11-11,22,shortform,164643449,0,0
2020,N2dsnGc7TFk,"Raiden X 찬열 CHANYEOL 'Yours (Feat. 이하이, 창모)' MV",SMTOWN,2020-05-12,237,longform,112268280,2324198,285886
2020,Ec7LcvWPDQI,"수제초콜릿 Amazing Chocolate Making Process, Chocolate Master - Chocolate Factory in Korea",FoodyTrip 푸디트립,2020-06-03,1017,longform,68588331,654098,20810
2020,xLD8oWRmlAE,Feel the Rhythm of KOREA: BUSAN,Imagine Your Korea,2020-07-30,101,longform,54209873,115632,4655
2020,EAzgrYJG9iI,Tik tok jimin abs,옥타비아 Army Bangtan,2020-08-21,8,longform,56604393,243553,2059
2020,3P1CnWI62Ik,Feel the Rhythm of KOREA: SEOUL,Imagine Your Korea,2020-07-30,97,longform,53687087,275706,15650
2020,5UQzXbizT-s,"Loco (로꼬), Punch (펀치) - Say Yes (달의 연인 - 보보경심 려 OST Part 2)(Color Coded Lyrics Han/Rom/Eng/가사)",Kkura곰,2020-08-15,219,longform,49276798,262239,2248
2020,dQ_lCmB2hfk,Feel the Rhythm of KOREA: JEONJU,Imagine Your Korea,2020-07-30,99,longform,48735443,89726,3063
2020,RdzvyvGcOYQ,Feel the Rhythm of KOREA: GANGNEUNG,Imagine Your Korea,2020-10-13,117,longform,48633372,86112,3826
2020,CitIMlaa8To,Feel the Rhythm of KOREA: MOKPO,Imagine Your Korea,2020-10-13,108,longform,48610298,80025,3317
2020,R2GeUF_xm1Y,Feel the Rhythm of KOREA: ANDONG,Imagine Your Korea,2020-10-13,109,longform,44472066,77978,3048
2020,t2e2IjHIdKs,(Spicy Food Eating)! Best Eating Spicy Chillies! Sisters Eating Spicy Chillies daily #shorts,Spicy Momo,2020-11-07,29,shortform,41675488,1130657,2228
2020,xHNkyPNEiJw,(Spicy Food Eating) - Spicy Chillies Fry Rice - Extreme Spicy | Sisters Eating #Shorts,Spicy Momo,2020-11-10,25,shortform,29638180,696375,1170
2020,Xsc6lNDjwpQ,Tik tok bts telfon,Amanda eka Meylyna,2020-03-20,10,longform,30909832,780130,7650
2020,9oLvnHLKeMY,🔥Viaje a COREA DEL NORTE 🇰🇵 | #CoreaDelNorte Ep.1,Alex Tienda,2020-01-12,2612,longform,28395466,763495,30416
2020,oLWXEIfQRdQ,Korean WhatsApp status video Viral Chinese ladki video,Aamer Shaikh,2020-10-25,31,longform,21143880,1099502,1431
2020,Sw6Q2F-Tuiw,🔥Viajé a Corea del Norte y ME PROHIBIERON salir del HOTEL 🇰🇵 | #CoreaDelNorte Ep.2,Alex Tienda,2020-01-16,1813,longform,20300078,545844,29513
2020,YS10Cdaz2Kk,[ENG｜단독 풀버전] 비긴어게인 코리아 '길' ｜ 눈물바다가 된 비긴코 버스킹 현장😢,Beginagain 비긴어게인,2020-07-30,868,longform,18695912,308750,13262
2020,gRV8pMtyzvI,Tears,소찬휘 - Topic,2020-04-24,237,longform,16537695,62739,77
2020,M3QlaPh4QMo,Black pink vampire vs bts vampire,Nocternity,2020-12-15,27,longform,14735072,1104757,21162
2020,JTA3JEsvXvw,🔥Viajé a la frontera de COREA DEL NORTE 🇰🇵DMZ | #CoreaDelNorte Ep.3,Alex Tienda,2020-01-26,1795,longform,14088296,422740,25003
2020,qzGOkg5BYQY,She Escaped North Korea (to Chicago),Drew Binsky,2020-07-14,706,longform,13902107,283466,13211
2020,2KOmFx0Vsps,(Spicy Food Eating) - Rice with Chop Chillies - Extreme Spicy | Sisters Eating #Shorts,Spicy Momo,2020-11-11,15,shortform,14647446,344380,1075
2020,o0M0XgpvjvQ,This Love - Davichi (Soundtrack Descendants Of The Sun) || Video Lirik & Terjemahan Bahasa Indonesia,SekutEverywhere,2020-12-23,230,longform,12762393,119106,1402
2020,XgNMMiv89HY,(Spicy Food Eating) - Rice with 5 kind of Chillies - Spicy mukbang ASMR #Shorts,Spicy Momo,2020-11-11,29,shortform,12965483,364384,503
2020,-rZkdPXP6H4,What happened to Otto Warmbier in North Korea? | DW Documentary,DW Documentary,2020-11-27,2546,longform,12406134,125947,40517
2020,uQnTe26tpJE,Korea Street Food SQUID SASHIMI Pohang Korea Seafood 04 포항 죽도시장 순자네 오징어회,Pohang.guy.포항.아재,2020-10-10,1318,longform,12063039,57598,3218
2020,Jn7RU84HKIs,🔥LOGRÉ SALIR de COREA DEL NORTE 🇰🇵 #CoreaDelNorte 8/8 FINAL,Alex Tienda,2020-03-09,4158,longform,11716874,360190,41727
2020,EexZjx3YOuQ,The Great Game (Full Episode) | Inside North Korea,National Geographic,2020-12-13,2843,longform,11120534,79803,7501
2020,HhAtTKA1hks,Surprising images from inside North Korea - BBC REEL,BBC Global,2020-02-11,336,longform,10425858,116072,4949
2020,mNsx0Nqryos,3 Things You Absolutely Cannot Do in North Korea,Drew Binsky,2020-01-26,210,longform,10255115,159779,10404
2020,0cjKE2zaDig,Portugal 7 - 0 North Korea | Extended highlights | World Cup 2010,lapse football,2020-07-13,484,longform,10195877,104677,4652
2020,RO4MSOJqdtw,Where Is Kim Jong-un? How Experts Track North Korea’s Leader | NYT News,The New York Times,2020-04-26,482,longform,10057031,79599,10416
2020,TirJAGSY4BA,Inside Haesindang Park,Gennie Kim,2020-09-13,35,longform,9774202,68227,1353
2020,r4Wj7CncniE,"🇰🇷 Prayer in Public, South Korea",Daud Kim,2020-01-24,398,longform,9284050,500027,41017
2020,uT9m08FxYVg,🎗Meeting a survivor from S. Korea’s biggest maritime disaster: Sewol Ferry Tragedy,KOREA NOW,2020-01-15,565,longform,8642000,260401,8549
2020,3gLY-VOYgj4,마샤와 곰 🍰🤗🍭달콤함과 즐거움🍰🤗🍭Masha and the Bear,마샤와 곰,2020-02-28,1520,longform,8287412,0,0
2020,69O1FyBcnR8,COME ENTRARE IN COREA DEL NORD DA SOLI 🇰🇵 (episodio 1),Progetto Happiness,2020-01-22,1240,longform,8235160,163127,6333
2020,PYd9gd6sNMY,North Korea In The Age Of Trump,VICE News,2020-01-24,1217,longform,7860467,104560,12629
2020,-_o0y8rxG7E,The Octonauts' Party Song! (Korean) | Cartoons for Kids,Octonauts,2020-07-08,107,longform,7662384,4839,0
2020,VOvVlivThJg,Consonant version | Sing Hangul l Korean Alphabet Song,Hello Carrie Hangul Korean Alphabet,2020-07-02,558,longform,6548147,11514,0
2020,pQIGOTs6XWg,La journée infernale d'un lycéen en Corée,Documentaire Société,2020-10-03,336,longform,6277607,147266,9810
2020,DKsj5mCR7qs,Chollima On The Wing - DPRK Music Video,Comrade Chumbucket,2020-05-10,165,longform,6082538,80464,5857
2020,AKjEe22bKIY,"What Happens to North Korea if Kim Jong-Un Dies? Nuclear Weapons, Disappearances & the Kim Family",Behind the News,2020-05-14,477,longform,6071262,72377,436
2020,9djZz-uJBK4,"Sketch Your Korea: Nami Island, the Island of Romance [Travel-a-wish] EP1",Imagine Your Korea,2020-09-11,299,longform,6011906,856,39
2020,eXaIpTj3vOs,Ryugyong Hotel: North Korea’s Hotel of Doom,Geographics,2020-01-30,1480,longform,5947787,132241,7272
2020,2cf3nqBzWLs,Making amazing jewel chocolate by chocolate artist - Handmade Chocolate factory in Korea,Yummy Yammy,2020-05-24,989,longform,5780148,63281,1561
2020,EkwdBXovh4s,Weird Things That Only Exist in North Korea,The Infographics Show,2020-08-02,642,longform,5363108,83073,3007
2020,pCht9llEugM,#Dirumahaja Ayo Kita Belajar Bahasa Korea Bersama,Bandung Oppa 반둥오빠,2020-03-30,615,longform,5337887,314635,10132
2020,yt0ryG0kJLw,[DJ티비씨] 박정현(Lena Park) - My Way ♬ #비긴어게인3 #DJ티비씨,DJ티비씨,2020-04-13,242,longform,5261463,34199,3182
2021,DbXMjAYSa68,[CHOREOGRAPHY] BTS (방탄소년단) 'Butter' Special Performance Video,BANGTANTV,2021-05-30,177,longform,399072864,8565790,275672
2021,CbS0FFzxjBI,Asian street food,Asian Street food,2021-06-28,11,longform,348994552,3664326,4671
2021,KmOVNVZEP9o,이하이 (LeeHi) - 'ONLY' Official MV (ENG/CHN),AOMGOFFICIAL,2021-08-27,331,longform,215006763,2216450,31809
2021,qfVuRQX0ydQ,[MV] Weeekly(위클리) _ After School,1theK (원더케이),2021-03-17,225,longform,184091320,2784580,132241
2021,mwUsxPtiqxI,How Brian Styles His Hair Like a K-pop Idol (ASMR) #Shorts #YouTubePartner,Ellen and Brian,2021-08-25,44,shortform,169127121,3695374,8761
2021,Fy5C-bzi59Q,ONLY,Lee Hi - Topic,2021-09-09,241,longform,144793678,1276691,5544
2021,qLYmbtTZE0w,Why I Cried After Leaving North Korea  #86,Nas Daily,2021-09-11,60,shortform,102262469,5785992,41786
2021,GRLjP5lhr8M,The Easiest Alphabet  #72,Nas Daily,2021-08-25,59,shortform,67205447,3858012,27806
2021,fjDjXaTwTAE,This is my Korea. What’s yours?,Imagine Your Korea,2021-10-17,84,longform,61498868,9606,1024
2021,Vfu87R4Bylc,3 Steps to draw Korea,Mykoreandic,2021-11-07,24,shortform,53805931,1573378,8859
2021,KlxdWb2bcSA,LeeHi - ONLY (Lyrics),Cakes & Eclairs,2021-09-19,240,longform,46040964,442087,6251
2021,GVsFUEyfIjI,What I Ate for Lunch in 7/11 Korea,Doobydobap,2021-10-06,60,shortform,42220048,2706160,14951
2021,ux36GLvZeEo,Hindi Korean TikTok Video | Korean TikTok Hindi Song | Korean Hindi Mix Song EP8 #TokBlack,TokBlack,2021-12-01,12,shortform,47022924,1554106,6790
2021,oZZWKL3gi78,Pororo Bahasa Indonesia | Ep4 Pulang ke Rumah. Selamat Tinggal Korea! | Petualangan Pororo di Korea,Pororo l Lagu anak ・Cerita anak l Bahasa Indonesia,2021-10-30,302,longform,41395677,72146,0
2021,bEjYm0zWroo,Feel the Rhythm of Korea - Gangneung&Yangyang,Imagine Your Korea,2021-09-03,105,longform,36274424,42328,2341
2021,RMD91n01DuA,Feel the Rhythm of Korea - Seosan,Imagine Your Korea,2021-09-03,84,longform,35552222,99570,6608
2021,y0ZCc3oR058,🇲🇽 vs 🇰🇷,Chingu amiga,2021-05-09,12,longform,36500376,2111119,11659
2021,Ks61P_NoelQ,A KOREAN BRAND SENT ME THIS??,MissDarcei,2021-10-07,17,shortform,39364461,2002850,17273
2021,dqkfpKJw348,Feel the Rhythm of Korea - Gyeongju&Andong,Imagine Your Korea,2021-09-03,109,longform,34315623,163391,5347
2021,FMMFc6VQxGM,Dad + Mom = Me..? Muslim? 👨‍👩‍👦💜 #Shorts,Daud Kim,2021-06-27,16,shortform,34144914,1593879,45885
2021,nZ5Bh4Dq46U,99% लोग kim jong का ये Facts नही जानते |@Facts Khojer| #shorts|kim jong un |facts about north korea,Facts Khojer,2021-10-14,58,shortform,32835824,2639050,1970
2021,I-OA4Dhm0rA,Como hacer Kimchi - Receta fácil y deliciosa de COREA  🥬🇰🇷🤘🏼,CHEFSCHWARZ,2021-07-14,60,shortform,32053570,1789825,5687
2021,QEXPYsaWRZA,Feel the Rhythm of Korea – JEONJU (by 원슈타인),Imagine Your Korea,2021-11-04,93,longform,31554514,40680,1648
2021,Vjk8SjbjxRA,Feel the Rhythm of Korea - SEOUL2,Imagine Your Korea,2021-09-03,91,longform,31006415,47796,1489
2021,nmY3X5dE9HQ,Feel the Rhythm of Korea - SEOUL1,Imagine Your Korea,2021-09-03,117,longform,29859683,63463,1857
2021,-JhoMGoAfFc,[4K] Seoul Korea 24/7 Hangang Live Cam & Lofi Radio 韓国ライブカメラ (since 2020),데일리서울 한강 라이브캠,2021-12-08,0,shortform,29386625,115384,0
2021,0v0ZsEX2Cek,New Korean Mix Hindi Songs💗Chinesemix Love Story💗Cute Love Story💗 thakur g007,K-Treasure,2021-06-27,336,longform,29134331,276682,3342
2021,u1yKAaW5_vc,Feel the Rhythm of Korea - Daegu,Imagine Your Korea,2021-09-03,115,longform,28466630,60933,2274
2021,6J3PBTCq4Vg,3 THINGS YOU CAN’T DO IN NORTH KOREA,Drew Binsky,2021-12-24,60,shortform,27823412,1723268,14480
2021,9VbMfTXkUCI,Feel the Rhythm of Korea – MOKPO (by 마미손),Imagine Your Korea,2021-11-04,111,longform,26716995,29957,1187
2021,KTvD2NMyNP4,Amazing! Mass Production of Motorcycle Tires in Korea,All process of world,2021-12-13,650,longform,26572824,136826,2527
2021,dbkCjsbn1dw,This is what I ate in a gas stop in Korea,Doobydobap,2021-09-06,58,shortform,25762115,1776200,9628
2021,hC7FIJT44KE,Bikin Menu Viral Mac N Cheese‼️ #wesdewchannel,wesdewchannel,2021-07-19,29,shortform,25764318,650585,3241
2021,zCH7wnmmTBs,Cute Possesiveness😍Crazy couples🤣Si Tu Mo Gu Wei Yi❤️Put your head on my shoulder edit💕dramaclipz,Drama Clipz,2021-07-07,41,shortform,24018311,1478591,2109
2021,G6tAF9f4N6Q,Wish,Choi Yu Ree - Topic,2021-09-25,238,longform,22723988,239056,4919
2021,s1ISPadYr_4,BTS Member who Cries The Most 2023!! 😭😭,BTS News Facts,2021-09-19,26,shortform,22731962,1494370,8783
2021,KTNnARF1OFg,the only funny scene in school 2021 😂 #school2021 #kdrama,jeoneliza,2021-11-26,20,shortform,21914604,961992,2012
2021,OQ9zng2S810,Why North Korea is the Hardest Country to Escape,RealLifeLore,2021-08-27,1278,longform,21286422,458295,25862
2021,WSNgjYMwt-A,Trying 4 korean tomboy hairstyles 😍,Boss Beauty,2021-10-27,15,shortform,22266661,1034683,12195
2021,tIP4vpTvU7E,Starlight,Release - Topic,2021-01-14,264,longform,20779250,290100,6
2021,Y9XUwvjG-FA,사탕공장 Amazing Fruit Candy Making Process - Candy Factory in Korea,FoodyTrip 푸디트립,2021-07-05,1067,longform,20266061,92605,1174
2021,V_MCqkdhv3g,How to drink water like Kpop idols,Mykoreandic,2021-10-25,25,shortform,19759850,859508,8655
2021,4Qi1CPmmC9Q,Highschool life in South Korea,Mykoreandic,2021-11-02,21,shortform,19756474,1166962,14407
2021,_n2wxfX_FhQ,You shouldn't do this in South Korea,Mykoreandic,2021-11-15,28,shortform,19216612,1178371,4057
2021,ETr6YrccsCk,Amazing Korean Braces Transformation. Orthodontist Reacts!,The Bentist,2021-12-22,57,shortform,18949067,1531841,3112
2021,MKf59EOp7YI,🇰🇷CVS BLUE FOOD ONLY CHALLENGE +  Shopping in Downtown | vlog💙,Pooh in Korea,2021-12-07,858,longform,18261945,341601,22321
2021,O8RoQksOBRk,This Country Charges People For Wasting Food  #123,Nas Daily,2021-11-03,60,shortform,17938407,1717089,9467
2021,fi8ujKStLYk,How Koreans eat ramen,Mykoreandic,2021-12-31,17,shortform,17029425,940785,3199
2021,ETJ_Wg19arc,Interview with Son Heung-min(Sonny) : This is my Korea,Imagine Your Korea,2021-10-24,209,longform,15781635,1734,116
2021,j-BftMz3xCM,Toko Serba Ada Korea Mukbang DONA Indonesia,DONA Indonesia,2021-04-18,163,longform,15714299,56144,1053
2022,KGTyp_VQ4hk,mukbang | pork belly | fatsongsong and thinermao | spicy food challenge,FatSongsong and ThinErmao,2022-10-12,48,shortform,404387626,10446079,11759
2022,bZjnLr05K1g,How to open a door in Korea 😂,Mykoreandic,2022-12-17,32,shortform,124959812,4042985,3951
2022,NLxgGRElMbs,Feel the Rhythm of Korea with BTS – BUSAN BLUES,Imagine Your Korea,2022-10-20,157,longform,107219348,366409,5493
2022,Aw2mDNvM7X0,Korean tries Indian drinks for the first time,Inwook,2022-06-08,51,shortform,105933113,4760216,24423
2022,gux_pyEIcUY,Feel the Rhythm of Korea with BTS – JEJU JAZZ,Imagine Your Korea,2022-11-08,180,longform,101544236,145933,2898
2022,HWdeCm3Lyho,What I wore in Korea,TheMermaidscales,2022-11-04,13,shortform,110585203,4907057,44026
2022,O86PAmaw6vY,Feel the Rhythm of Korea with BTS – TEASER,Imagine Your Korea,2022-10-14,57,shortform,88831045,233062,4458
2022,IU7nxce1w0g,mukbang | How to make crispy pork belly? | How to make fried chicken? | cooking | songsong & ermao,FatSongsong and ThinErmao,2022-12-02,653,longform,87268614,411110,3176
2022,zuoSn3ObMz4,NCT DREAM 엔시티 드림 'Candy' MV,SMTOWN,2022-12-16,231,longform,75805791,1531099,74063
2022,WyCx47YBrWM,How to order a coffee in South Korea,Mykoreandic,2022-08-11,37,shortform,76085502,3213761,4079
2022,dBN0brKI7fU,KALO AD ANGKA 456 MEISSIE HRS MKN MIE TERPEDAS AMPE DOWER😫🌶 #shorts #itsmeissie #challenge #number,itsmeissie,2022-04-16,50,shortform,67584177,1670137,30413
2022,ZRD2pqmHuK0,Feel the Rhythm of Korea - YEOSU,Imagine Your Korea,2022-05-20,99,longform,46262351,11043,576
2022,gTasADgKhqI,Feel the Rhythm of Korea – PYEONGCHANG,Imagine Your Korea,2022-05-20,105,longform,42366512,3041,305
2022,6TvTJIxZca4,Aya Nakamura - ‘Copines’ TikTok dance challenge | Karina Balcerzak,Karina Balcerzak,2022-09-30,22,shortform,47593563,1756380,18551
2022,bAPnOQD20pk,Feel the Rhythm of Korea – INCHEON,Imagine Your Korea,2022-05-20,90,longform,41239666,3001,259
2022,ms0zzZtz_4c,South Korean VS North Korean,Mykoreandic,2022-01-28,23,shortform,41475831,1856846,18928
2022,9qRxNYuR2c4,Dictator's Dilemma (Full Episode) | North Korea: Inside the Mind of a Dictator,National Geographic,2022-04-30,2650,longform,39234554,335727,18508
2022,TpzJ8BlQjmA,Trying momos for the first time,Inwook,2022-06-09,30,shortform,38662904,1768770,7931
2022,uiNH4QKNaHY,"California birthing cost vs. Seoul, South Korea",J&K Lovett,2022-07-18,60,shortform,37307007,2967079,48126
2022,_LGICP29iHg,Probando COMIDA CALLEJERA en COREA DEL SUR 🇰🇷🥢,Luisito Comunica,2022-08-05,1175,longform,36165576,340331,4827
2022,qjXpLjiRZo4,What Koreans bring back from home,Cafe Maddy,2022-03-19,49,shortform,34052345,2440527,5525
2022,ptCIhrBnWn8,에버랜드 아마존 N년차의 멘트! 중독성 갑,티타남,2022-04-04,152,longform,32183432,299012,19366
2022,iOWfdp8G83s,COBAIN PUASA PAKE WAKTU KOREA?!😱 | Part 1 #puasa #puasaramadhan #korea #puasakorea #ramadan,Allecia Angeline,2022-04-28,60,shortform,32569353,1173551,8090
2022,wON0NBrbIrQ,A BLACK OWNED KOREAN BEAUTY BRAND?!,MissDarcei,2022-04-05,19,shortform,33022168,1587667,3844
2022,9qBHyJIDous,how to drink like a real korean,Doobydobap,2022-08-13,57,shortform,30782888,1950059,7119
2022,jl7nSTy1RqI,This is why Koreans make English names,Mykoreandic,2022-02-14,32,shortform,30795795,1787560,7308
2022,pQTtsSx0VTo,When Korean tries McDonald's India,Inwook,2022-06-15,39,shortform,29332074,1491794,3720
2022,ypfAfkCABx0,Korean tries Pani Puri for the first time,Inwook,2022-06-12,30,shortform,29049600,1457608,6884
2022,jAcS-VNF98Q,THE BEST FACIAL IS KOREA 😳,Jeenie.Weenie,2022-11-03,56,shortform,30120597,1414743,4107
2022,KO1s1uMqgeM,¿En verdad COREA DEL SUR es tan increíble como pensamos? | Seúl 🇰🇷,Luisito Comunica,2022-07-11,912,longform,27694009,417222,10221
2022,P08P7qeuYNg,New Koreanmix Hindi songs 2022💓Chinese mix Hindi song💓 Yang Yang 💓 Chinesemix love story💗thakur g007,thakur G007,2022-01-20,570,longform,26114936,186219,4770
2022,J4mFJqD7GIU,Visitando la frontera de COREA DEL NORTE: El país “más temido”,Luisito Comunica,2022-07-15,986,longform,25652598,403718,7198
2022,MZymkYZzrhk,Korean🇰🇷 vs Tamil Indian🇮🇳 | Comparison #shorts,Buster Moon,2022-07-29,31,shortform,25556010,1096135,15983
2022,6PnBflh5JSc,Indian vs Korean actress in same dress 👗 😍 #ytshort #shorts #indian #korean,MY UNIQUE HEAVEN ,2022-07-24,15,shortform,26909465,651584,9238
2022,wJneAJM6noY,"먹거리 끝판왕! 줄서서 먹는 세종 전통시장 떡볶이, 통닭, 호떡 길거리음식 몰아보기 TOP3 / Traditional Market Food / Korean Street Food",찐푸드 JJin Food,2022-05-14,2062,longform,24299439,135825,2034
2022,vaq2AxkHbP4,La triste realidad de corea del sur,Chingu amiga,2022-03-07,60,shortform,24160838,2642429,17267
2022,R78IADipbZI,¿Cómo cambia la comida rápida americana en COREA DEL SUR?,Luisito Comunica,2022-07-13,954,longform,23258564,394205,6083
2022,kDVdi11qp74,Is Korean Noodles Ne Rula Diya | Sabse Spicy Korean Ramen 😱😱😱,So Saute,2022-05-23,35,shortform,23433528,1554075,24336
2022,3FO_VdYhJIE,How to eat Ramen in Korea,Mykoreandic,2022-01-07,23,shortform,23237319,541553,4348
2022,V_Wn1ZYW6Ws,North Korea vs. South Korea,The $10 Travel Show,2022-01-14,59,shortform,22790738,1501265,5824
2022,nhkQWWQU0Ks,Watch this video if you are Korean 🇰🇷,SoupTimmy,2022-09-20,18,shortform,22562940,379968,25468
2022,2WlGNKuzdUU,Who is the real Korea?,MrSpherical,2022-01-11,60,shortform,22201201,1033849,11472
2022,X8ukcOFoRTE,What My Korean Grandma Made Me for Lunch Part 8🫰🏻 #shorts,Ellen Park,2022-06-08,60,shortform,21333329,1519968,5576
2022,3klYuejp8e8,🇰🇷Brilliant way people in Korea move apartments🤯,Rachel Kwon,2022-12-28,13,shortform,20366214,771997,7894
2022,oDG152nwfdY,¿Por qué los coreanos usan ropa en la playa? | BUSAN 🏝🇰🇷,Luisito Comunica,2022-07-25,756,longform,19539715,294147,8179
2022,y4f3peVHrGo,What I ate Flying Business Class Korean Air 🇰🇷 Seoul ➡️ London🇬🇧,Doobydobap,2022-03-08,58,shortform,19806885,1209508,4717
2022,p6MpOETygbk,USA most popular milk flavor vs. South Korea,J&K Lovett,2022-09-03,48,shortform,19229693,1389775,8073
2022,bh1po7KYyf8,Ramen picante “Japón VS Corea” #shorts #japon,Yamil4K,2022-08-26,52,shortform,19722136,1386616,1880
2022,w2adw9gh7X4,Kim Jong के 3 दिमाग हिलाने वाले फैक्ट्स | Top 3 Kim Jong's mind Blowing facts | Facts' Mine #shorts,Facts' Mine,2022-03-29,60,shortform,18935673,1814226,2409
2022,uHoyk_4qlYY,흥미롭고 생생한 수산물 가공공장과 전문식당 몰아보기 / Korean seafood processing plant - Seafood restaurant,푸드킹덤 Food Kingdom,2022-06-28,4015,longform,18578269,67302,2279
2023,rIQT_y90rXs,CHALLENGE KOREA: HELLO FUTURE,Imagine Your Korea,2023-06-27,119,longform,142143053,4267,1234
2023,d95A1xJ4yqM,CHALLENGE KOREA: BATTLE OF K-FOOD,Imagine Your Korea,2023-06-27,95,longform,139004506,17372,20661
2023,46kjsixDfzU,CHALLENGE KOREA: DANCE DANCE DANCE,Imagine Your Korea,2023-06-27,122,longform,132683041,18379,12712
2023,pdnXvgrJdXI,CHALLENGE KOREA: SHOOTING STAR,Imagine Your Korea,2023-06-27,122,longform,129127808,5554,2866
2023,05fXKmScpP0,Korean Strawberry Syrup,Nick DiGiovanni,2023-11-29,30,shortform,126765919,4228715,12843
2023,6QZ_qc75ihU,[생방송] 24시간 현장을 전합니다 / 연합뉴스TV  (YonhapnewsTV),연합뉴스TV,2023-07-28,0,shortform,96745575,64676,0
2023,NJUjU9ALj4A,[한국경제TV LIVE],한국경제TV,2023-02-08,0,shortform,96500203,63467,0
2023,p8GgS8ve0l8,eating food | The spicy eating competition between Songsong and Ermao is really exciting! | mukbang,FatSongsong and ThinErmao,2023-07-01,1222,longform,82423747,298971,2517
2023,i8ZXe3PKb3s,QUEENDOM : KOREAN ARCHERY #Suwon #KoreanArchery #VisitKoreaYear,Imagine Your Korea,2023-10-24,108,longform,65805146,6130,507
2023,suB0F933kIs,CHALLENGE KOREA: SHOOTING STAR_30s,Imagine Your Korea,2023-06-27,31,shortform,61676638,44571,34
2023,yiRa-CfcsmA,CHALLENGE KOREA: DANCE DANCE DANCE_30s,Imagine Your Korea,2023-06-27,31,shortform,60767260,128427,97
2023,hAp1KIvvLJA,BTS PHOTOSHOOT PUTRI DUYUNG DI KOREA,SunnydahyeIn,2023-06-18,55,shortform,59445939,1833179,5411
2023,pb14cTvjaCs,13 horas viajando a Korea,SopaTimmy,2023-12-10,61,longform,56395867,2522564,5370
2023,DVeiPVdRh3o,Collecting hearts in Korea like.. 💜❤️💖,Radhika Bangia,2023-06-16,31,shortform,52640606,2804861,15518
2023,sM3sAikukVQ,CHALLENGE KOREA: HELLO FUTURE_30s,Imagine Your Korea,2023-06-27,31,shortform,47152836,43507,39
2023,sYOGLQFqeUI,Korean 7 Eleven is the best😍#korean #korea #food,Aylen Park,2023-10-14,59,shortform,50277056,1940864,8038
2023,N75vEGETCxw,Finally found my perfect foundation shade🤭 #korean #makeup #korea,Aylen Park,2023-10-20,60,shortform,50614845,2957938,6867
2023,AlrAkxqIH5k,"We Ate ""Mango Bingsu"" - Tastiest Korean Dessert🤤 #shorts",Nik's Kitchen,2023-05-30,60,shortform,46301572,1415479,2393
2023,uFMQB2fBazo,Korea is a safe country 💙,Jooshica,2023-06-29,48,shortform,43339594,2256439,26290
2023,Srf0hI-szT4,CHALLENGE KOREA: BATTLE OF K-FOOD_30s,Imagine Your Korea,2023-06-27,31,shortform,42256784,193966,97
2023,rplDdVNojzk,What I Ate for Lunch at School in Korea Part 19 🇰🇷 #korea #southkorea #seoul #koreanfood,Gaezari 게자리,2023-07-27,24,shortform,44052598,1221333,3106
2023,jqll2BXQE9Y,Don't Go To South Korea 😳,Danny Rayes,2023-06-05,31,shortform,41949228,1968469,9955
2023,2WyOq7IMEnc,처음 그 자리에,Lee Boram - Topic,2023-03-06,234,longform,36352242,124866,49
2023,9UVX5g6S6vI,Suara hewan di Indonesia VS di Korea versi Yunji dan @mazayaamania 🇮🇩🇰🇷,Kimbab Family,2023-11-28,60,shortform,35901716,603094,1979
2023,tmyJBEOj5fg,He gets jealous why come and sit here 😂 #shorts #kdrama #jealousy #yooksungjae,Moonlite,2023-09-02,13,shortform,44489566,1422372,4751
2023,-gngpwYhUno,Els vlog ke Korea 😍😍 #shorts,Rensia Sanvira Official,2023-06-14,60,shortform,34782983,555454,3505
2023,FAEHu8-KvhA,I TRAVELLED TO NORTH KOREA! #shorts,Jorden Tually,2023-05-13,53,shortform,33495084,1741294,11205
2023,-iUyufEzI3o,🇰🇵 Я была в СЕВЕРНОЙ КОРЕЕ? 🤐🤐,"Настя, это где?",2023-07-19,19,shortform,38006804,1060706,2923
2023,YqfsUhvd3go,belajar makan ala korea #mommylife #mommyvlogger #mommy,mom linda tan,2023-05-05,49,shortform,32332928,375953,1762
2023,7YUUYJBe-Rs,KOREAN postpartum care is insane 😱😍 #newmom,Jeenie.Weenie,2023-06-05,54,shortform,32873058,1839667,10233
2023,dRs7NT-6-N0,운명,Release - Topic,2023-03-06,256,longform,31080311,127885,0
2023,SgqdOQyN6BE,Idioma más difícil?!🇨🇳🇰🇷🇯🇵 #asia #china #corea #japón #idiomas #language,JaponesaPoblana,2023-06-15,53,shortform,30910987,1449523,23541
2023,etastncHWEI,Korea makes you all whitewashed 💀#shorts #fyp#korea,sanjhifyyy,2023-10-07,14,shortform,32401485,472397,0
2023,PYXQTWhwIYo,Kimchi Recipe || How to make kimchi || Kimchi Hindi recipe,Trippy Kitchen,2023-05-20,40,shortform,30346969,1090864,2026
2023,kjvNxDvfK2U,5 COSAS que NO DEBES HACER en COREA del SUR 🚩parte 7,kenroVlogs,2023-11-25,58,shortform,29140019,2115238,2777
2023,wyZvyx852eM,Korea🇰🇷 vs Indonesia 🇮🇩 nih siapa pemenang nya☺️ #shrots #fashion,Andra_97,2023-08-16,53,shortform,29277604,1185203,36803
2023,vw_6m-TBaF4,Only in Korea🇰🇷❄️ #korea #interestingfacts #trending,Pooh in Korea,2023-12-17,50,shortform,26989670,1019559,5762
2023,mIQWksvErCQ,Korean vs American Makeup 🇰🇷🇺🇸,Jenny Moon,2023-05-16,42,shortform,25649100,1172682,5133
2023,C3a9mwkSHtg,What happened to North Korea's World Cup Team,footballnotes,2023-03-18,59,shortform,23889969,1208134,8469
2023,AsluSXebwAM,Eso pasará si vas a Corea del Norte,Chingu amiga,2023-09-01,12,shortform,26522554,1216703,4655
2023,IvbAUCdr3hY,Korean 🇰🇷 tries SPICY Indian Snacks for the first time!! *Hilarious Reaction* 😂,Pragati Verma,2023-09-02,684,longform,23707811,178757,5913
2023,h2ZGRg3m1A4,Best Korean food combinations 😋,Mykoreandic,2023-05-25,46,shortform,23485677,1136492,8607
2023,I51sIkEJu8k,360 swing Korea! #shorts,Alex Ojeda,2023-11-30,51,shortform,22585976,945474,3503
2023,4v5rE7FXUzA,Korean Makeup Transformation Asian Got 19 MILLION Views Without Plastic Surgery!! #makeup,WappaModa,2023-02-01,803,longform,20912319,244475,8389
2023,KHxKWpVj7nU,Crazy Laws Only in North Korea 4,nuqi,2023-06-16,53,shortform,20896265,945771,10116
2023,_U-PwAPMxNc,"물장난 치면 안돼, 김민지~ #Shorts",명호형 TV,2023-04-20,13,shortform,21193450,372686,9174
2023,rABZTokBpGE,Similar pronunciation different meaning between Hindi🇮🇳and Korean🇰🇷 #shorts,कोरियन जीवन Korean G1,2023-09-09,36,shortform,21824219,657618,4413
2023,6531OjTuep8,JAJAN DI MYEONGDONG KOREAN FOOD MARKET EMPORIUM PLUIT MALL TGL 24 Mei - 4 Juni 2023. Cussss …,NanaKoot,2023-05-27,60,shortform,20431385,733749,1002
2023,SC3BAEM8MV8,🇮🇳Indian Vs 🇰🇷Korean Makeup Challenge🤩| #shorts | SUGAR Cosmetics,SUGAR Cosmetics,2023-04-03,56,shortform,21746673,521650,52807
2023,tB0YPloq5F8,Korean Convenience Store Food Mukbang🌸 휴대폰 속 핑크 편의점 디저트 아이스크림 먹방! PINK DESSERT EATING SHOW | HIU 하이유,HIU 하이유,2023-10-28,615,longform,19120242,47211,1272
2024,pVdFiq1iKI4,What I Ate for Lunch at the Office in Korea Part 31 🇰🇷 #korea #southkorea #seoul #koreanfood,Gaezari 게자리,2024-03-23,42,shortform,310861884,5516107,16979
2024,hsufyTIM9eA,How to make Korean Street Toast Sandwich,Mykoreandic,2024-10-10,60,shortform,278797527,5350979,14705
2024,H_2_jPT_jus,[Feel the Rhythm of Korea with NewJeans] Koreans’ Korea: K-Experience #VisitKoreaYear,Imagine Your Korea,2024-07-11,115,longform,165716162,97058,18194
2024,ESWcsKySnNs,Sudden Shower,ECLIPSE - Topic,2024-04-08,234,longform,135239650,474374,0
2024,p9a2FkZf5b8,[Feel the Rhythm of Korea with NewJeans] Koreans’ Korea: K-Food #VisitKoreaYear,Imagine Your Korea,2024-07-11,92,longform,106914504,346767,2337
2024,6vB9kdF-5Jg,Why buying skincare in KOREA is SUPERIOR to the US 💅🏽,Jeenie.Weenie,2024-07-19,55,shortform,108644807,5083500,15472
2024,RGPGebvegfY,Most Beautiful Places In South Korea 🇰🇷 #nature #travel #southkorea,Ethan Content,2024-05-04,16,shortform,79613417,1488240,4292
2024,seXnL4mtT_0,Lunch of ordinary office workers in Korea🇰🇷 pt.131 #lalalala #korea #mukbang korean #straykids,Hankooktasty,2024-03-18,48,shortform,78996345,1607778,6868
2024,HjGrwoSNWyw,Feel the Adventure(moheom) of KOREA #VisitKoreaYear,Imagine Your Korea,2024-10-31,113,longform,74244395,56316,380
2024,hkR3dPvwbf0,Day 2 Of ONLY Eating Food From a Korean Convenience Store!,Koreanosh,2024-09-16,43,shortform,78375317,2134933,10368
2024,sng8h9f98Mo,Feel the Night(bam) of KOREA #VisitKoreaYear,Imagine Your Korea,2024-10-23,90,longform,73855197,77504,869
2024,4ihwjoM0pwg,Feel the Trail(gil) of KOREA #VisitKoreaYear,Imagine Your Korea,2024-10-23,103,longform,77354405,172595,648
2024,fBB4MaBybyg,[선재 업고 튀어 (Lovely Runner) OST Part 1] 이클립스 (ECLIPSE) - 소나기 (Sudden Shower) MV,Stone Music Entertainment,2024-07-30,233,longform,61289003,323976,7989
2024,NpgAtdt54gg,Mom learns Korean glass skin tip! 😍 #coxir #coxirpartner #ad,Jeenie.Weenie,2024-11-27,42,shortform,80947791,1643530,3806
2024,5e6rNH7JkCY,Korean Food 🥗🥦🥩#youtubeshorts #youtube #viral #koreanfood #korea #shorts #short,Young-Jae in Korea,2024-01-22,10,shortform,80360165,1667894,5911
2024,AAtPyPh5MU0,What I Ate for Lunch at a High School in Korea Part 2 🇰🇷🏫 #korea #southkorea #seoul #koreanfood,Gaezari 게자리,2024-02-04,34,shortform,55878157,2095659,6573
2024,8G1snT8Xd-4,Когда все  понятно без слов 😄 #корея #корейскоекафе #кафе,Чико | Корейский уголок ,2024-11-19,46,shortform,69217104,1315966,4194
2024,4FSXVDezaaA,"💕Jini "" Granddaughter and Grandfather Sad Story 😍🥀💯 ~ Korean Drama | #love #shorts #bts #tiktok",Sweet Love 😍,2024-08-10,51,shortform,46484957,1856420,11413
2024,ywhirUV8WCA,DARKEST SHADE OF A KOREAN FOUNDATION,MissDarcei,2024-06-06,60,shortform,47509328,2410663,5416
2024,NwoHvudCWYM,Menu sarapan paling enak di pabrik korea roti pukis #ngapak,VIKY LIHUN FAMILLY,2024-11-10,61,longform,52252488,887716,1560
2024,oVuq9hHHvKI,True Love Is Selfless #ghostbride #hoteldelluna #iu #yeojingoo #kdrama #koreandrama #korean,ALFA,2024-07-25,50,shortform,40722392,1111353,2048
2024,T6iqag4rFK0,7 eleven in korea ~,jasmineandtea,2024-02-01,60,shortform,36688295,2098107,4035
2024,YTcACmX7Zrk,Giant Korean Food ASMR!? 🥵,LukeDidThat,2024-10-06,36,shortform,46330278,801171,7273
2024,lUuTo95QEhc,Returning To The Korean Convenience Store!,Koreanosh,2024-09-12,60,shortform,42677106,1383778,6189
2024,d8exS444T2k,What I Ate for Lunch at a High School in Korea Part 21 🇰🇷🏫 #korea #southkorea #seoul #koreanfood,Gaezari 게자리,2024-12-27,37,shortform,41574008,1567499,5993
2024,1S-bwWaFpOU,$50 or mystery headphones? (KOREA EDITION),James Seo,2024-10-17,60,shortform,49322593,2438492,15632
2024,h4EfauCnOrw,Daily Life in North Korea | How People live under Dictatorship? | Dhruv Rathee,Dhruv Rathee,2024-11-25,2166,longform,32408104,817758,38231
2024,YhTIsHcP_Rg,HAMPIR KESELEK KARNA MAKANAN KOREA INI 😭 #challenge #food #asmr,Erika Kaa,2024-06-30,20,shortform,36626911,792773,1382
2024,5-2l0CKD5cw,5 Apps -  Survive in Korea 🇰🇷 #koreatravel #korea #koreanapp #koreanteacher,korean_summer,2024-10-24,26,shortform,46154878,1110797,3502
2024,2hf2j1ZUH2g,Korean Dragonfruit Syrup,Nick DiGiovanni,2024-06-05,33,shortform,29050786,1370315,5085
2024,8t2L0t80u4s,New Korean Mix Hindi Songs 💗 Korean Famous Boy Love Story Song 💗 Chinese Mix Hindi Songs 💗 Kdrama,Eternal Love,2024-09-16,875,longform,26047587,110653,3659
2024,D40kTaMfxJQ,Crazy Laws Only in North Korea,Law By Mike,2024-05-24,60,shortform,28973991,1510914,7762
2024,3w-Et82Z2LM,I Escaped North Korea 🇰🇵,Good Evening with Kamera Jr.,2024-02-09,60,shortform,24062908,1112930,6791
2024,TUGyXuCm850,Korean potato balls || Korean quick snacks,Trippy Kitchen,2024-08-22,29,shortform,27367036,711351,1435
2024,b7iwJy0PUDI,ONE Bite Dammit! @얌코리아_YumKorea @헬창TV #korea #korean #koreanfood #funny #cooking #culture #yum,Chef Rush,2024-12-02,54,shortform,25986114,882073,3620
2024,lH8EO6F0Fg0,North Korea's Kim Hugs Russia's Putin in Pyongyang,Bloomberg News,2024-06-19,59,shortform,22311966,698281,12454
2024,Y3ZpWp18KvY,Korea is living in the future,Livin in Korea,2024-11-27,20,shortform,23968691,886137,4194
2024,5b8Hq8monXY,North Korea's cruel justice shocks the world | By Prashant Dhawan,StudyIQ IAS,2024-09-04,59,shortform,21011947,944154,23461
2024,Atl1g33pEC4,$10 Lunch at 7/11 Korea,Chef Tyler,2024-08-27,59,shortform,25023191,1199681,10321
2024,VCSytzYAYuw,The Real Korean Lecture✅ #learnkorean,Jeff Kimieee,2024-01-27,18,shortform,21328773,764790,4514
2024,NkzUQVBUZZw,Sal de Bambú 🎋 De Corea 🇰🇷,CHEFSCHWARZ,2024-03-30,60,shortform,22582342,994167,1590
2024,jIUr9BGzfhw,Trying KFC at an Empty New Korean Fried Chicken Restaurant,Clement Leung,2024-02-14,41,shortform,21685403,1503079,5813
2024,D-EbayYmiNg,Day 100 of ONLY eating food from a Korean Convenience Store! #korea #koreanconveniencestore #ramen,Koreanosh,2024-01-27,53,shortform,19914553,725501,4842
2024,r5VuzUVXJKs,Day 35 of ONLY Eating Food From a Korean Convenience Store!,Koreanosh,2024-11-05,59,shortform,25802649,685270,4925
2024,l_kVTJGdrfQ,They call this drug eggs in Korea because these are so addictive!! 😳🥚🔥 Day 10 of Korean food,Chef Chris Cho,2024-01-11,60,shortform,19517389,1431936,12558
2024,oA0Y99fQJo0,A day in Korea🇰🇷 #Korea #KoreanFood,Pooh in Korea,2024-06-26,57,shortform,20031261,776670,1975
2024,y1w7iRfPIH4,Only Eating GIANT Foods From a Korean Convenience Store!,Koreanosh,2024-10-21,52,shortform,20668680,737897,6825
2024,zENvmJ4-_uc,PUSING BANGET JADI CWE NAPA SUKA BELANJA🗿 #holidayswithshorts #travel #korea #belanja #trending,Allecia Angeline,2024-12-13,16,shortform,25505697,359671,1331
2024,PLrJDRttSXI,Покушали в КОРЕЙСКОМ УНИКЕ #корея #корейцы #учебазаграницей,Keynece ,2024-02-17,61,longform,18610056,674065,1860
2024,WTj8Qm-FJWE,"Когда закончился Снэк, но ты в Корее #корея #корейцы",Keynece ,2024-03-21,59,shortform,17717175,735867,2119
2025,C9LGn6Aj2JU,#kpop #korea #funny #cute #love,2025kpop,2025-11-26,42,shortform,346900977,2214056,1467
2025,6BdrKjSMBJY,[Never Ending Korea with PARK BO GUM] - On My Way (Official MV),Imagine Your Korea,2025-07-29,161,longform,147087126,23516,2259
2025,L9S3yXa7Jmw,"[Never Ending Korea with PARK BO GUM] - One Day, Korea Came to Me(Official Short Film)",Imagine Your Korea,2025-07-29,167,longform,142319064,25242,2736
2025,0QaUntBAX2s,3 Things In Korea That Need To Exist Everywhere,Livin in Korea,2025-05-19,34,shortform,131395172,2112594,9761
2025,-q6_wo6aowo,7KG Korean Donkatsu  Challenge! #foodchallenge,Zermatt Neo,2025-01-27,59,shortform,77007763,2665452,8712
2025,dVhyG6L77BI,Unbelievable Rules Of North Korea 😱,FactoHolic,2025-08-14,77,longform,113519561,2779667,13691
2025,j5zwL9fCXBo,(Customer Vs Shop Keeper 😂) ~ New Funny Korean Video 😍 #movie #doonakdrama #koreandrama,Sudha L Stories,2025-08-16,60,shortform,103852700,0,458
2025,xMs0YyLNDGg,완벽한 고추 재배 기술: 한 번에 대량 수확 #shorts #korea #농업 #수확,Craftsman Bull,2025-06-07,5,shortform,183990184,291896,402
2025,4KRXp2-ehD4,This is why Korea is living in 2050 🥰🇰🇷,Livin in Korea,2025-01-29,26,shortform,60242228,1425680,5315
2025,lHLAIkhVZNA,Echoes of Korea – Gyeongsang #ImagineYourKorea #Echoes_of_Korea #Gyeongsang,Imagine Your Korea,2025-07-17,148,longform,61705544,30039,2995
2025,pql25lO3s4I,ice bar battle🤣🤣🤣#shorts #korea #japan,Wes-P / ウエスP,2025-06-20,39,shortform,76664753,585551,3984
2025,-ckhl9OPF9o,Echoes of Korea – Jeolla #ImagineYourKorea #Echoes_of_Korea #Jeolla,Imagine Your Korea,2025-07-10,142,longform,54464980,26779,2405
2025,maxtsb1S45U,These days Korean people be like..🤣 #selfie #korea #korean,Dana Kim,2025-10-10,13,shortform,79300248,1207643,3925
2025,G3y6KXq6QNg,Winter in Korea is soooo beautiful 😍,Livin in Korea,2025-01-01,27,shortform,37950253,1128533,5335
2025,NcWflaXD0To,Woman Want Five Rice For Unknown Reason😔😱~New Korean Love Stories Drama #doonakdrama #koreanwebtoons,Sudha L Stories,2025-05-22,60,shortform,68802255,692081,493
2025,zE-qfIuu3LM,BASKIN ROBIN ICE CREAM CAKE KOREA🎂 🧁 🍨,Jessica Effendy,2025-07-09,61,longform,45811977,795195,11215
2025,frjqckx83aA,Indian People Treated Korean Girl Badly 😔,MS Fact Back,2025-09-30,34,shortform,61340251,0,12491
2025,RAkb7AzZv8k,Never Sit On Bike 😱~Hygiene And Safety Video 😍 (New Korean Video ) #film #doonakdrama #koreandrama,Sudha L Stories,2025-07-28,60,shortform,59410644,540944,305
2025,DSHN1Oxhl-Q,Beware Of This Dengerous Hair Clip 😯😱 ~ Korean New Shorts #movie #doonakdrama #koreandrama #film,Sudha L Stories,2025-07-10,60,shortform,58822671,566855,196
2025,7tWw-ExzcxY,Zoya ko mila Super power 😳 #kdrama #cdrama #drama  #shorts,Tausifilix ,2025-04-16,38,shortform,48626751,0,1218
2025,bX-GP8rMjtI,Day 75 of ONLY Eating Food From a Korean Convenience Store! #squidgame #netflix,Koreanosh,2025-01-10,57,shortform,32449968,776062,7775
2025,U_83LN6-Jx8,Fake Nurse In Hospital Want To Stole Baby 😔😱 ~ New Korean Shorts #movie #doonakdrama #koreanromance,Sudha L Stories,2025-07-07,60,shortform,54246703,535358,214
2025,zsbRDztWUVo,Dessert day in Korea🇰🇷 #mukbang #korean #korea #foodie #yummy #dessert #koreanfood,Hankooktasty,2025-06-29,51,shortform,48265183,780126,3690
2025,J4mm9oUYwSQ,Her Hat Flew Into North Korea 😱 #shorts,boatfenatic,2025-10-11,39,shortform,47831653,955198,0
2025,XmzSBBwkCvo,Rating EVERY Spicy Korean Snack,Nick DiGiovanni,2025-06-18,40,shortform,44137177,505581,3187
2025,DgfHQPhkHxQ,South Korea vs Portugal World Cup Match Imaginary 😱🔥,NDR-UPDATE,2025-10-09,60,shortform,43526142,559575,11606
2025,khaBt5pFWcg,Spot on! 🫶 Perfect shot seals the deal for South Korea at #Pyeongchang2018! #Olympics,Olympics,2025-03-18,20,shortform,44916994,635003,1404
2025,QnJLsx2DrFI,This is why Korea is living in the future 🥰🇰🇷,Livin in Korea,2025-02-08,38,shortform,23328616,923638,5571
2025,QyELkGcE64Q,The Race Of Life 🌍 ( Rich 💰 Vs Poor 😔 ) ~ Korean Shorts Drama #film #doonakdrama #koreanromance,Sudha L Stories,2025-07-18,60,shortform,41859709,391477,300
2025,aDbDm_W4K4I,Handsome Korean Boy 😍 Kdrama OppaVibes✨#Shorts#HandsomeKoreanBoy #KoreanBoy#KoreanBoys#CuteKoreanBoy,Silent Origins ,2025-09-10,13,shortform,44299316,493493,15104
2025,YwYNtUL6Yb4,"CEO Dingin Tak Pernah Sentuh Wanita, Kini Bawa Gadis Miskin Pulang & Dimanja Bak Putri Raja!",Gemar Film Cina,2025-12-28,9568,longform,20625966,157784,4821
2025,Kn8T06OErmg,Pregnant Woman Should Avoid This In Hospital 😔😘 New Korean Shorts 😍 #film #koreandrama #doonakdrama,Sudha L Stories,2025-08-08,60,shortform,40424097,433400,214
2025,oRvVuf3l8go,Korean restaurant hits differently,Uyen Ninh,2025-10-18,33,shortform,38422019,1435921,6107
2025,Sm-ivU3Tuc8,Oppa Korea Bantuin Vilmei Bawain Belanjaan,Vilmei Fanspage,2025-09-23,60,shortform,36421341,272201,1335
2025,_m_1Zl3DJFc,LAPAR TENGAH MALEM DI KOREA😭🇰🇷,Jessica Effendy,2025-07-03,97,longform,26922908,483118,6646
2025,GqzftAao7I4,KPDH 🇰🇷Korea🇰🇷 K-Pop Demon Hunters(케이팝 데몬 헌터스)324회 코믹월드 무대 공연 코스프레,프리윙즈 쥬니어 - FREEWINGS JR,2025-09-15,855,longform,18517930,85817,2486
2025,wOLkkvH4z84,When Desis Go To KOREA For The First Time,Slayy Point,2025-07-21,1751,longform,18045115,378034,11398
2025,wfyf6z8mIUI,I’m Korean… So I was so confused 😭,Jumy,2025-08-13,21,shortform,37301387,830026,5222
2025,aZbfUgtNMXk,REAKSI ORANG KOREA MAKAN SEBLAK LEVEL 10‼️,REAKSI BULE,2025-07-08,38,shortform,30320043,328895,1109
2025,ex-Nd25qxjw,why my Korean mom sleeps on the floor in the living room + cozy night routine! #korean #sleep #tea,ahnestkitchen,2025-12-18,102,longform,31654415,1141708,6407
2025,IyEkXQBiJyw,Dessert box in Korea🇰🇷 #mukbang #foodie #yummy #korean #korea #food #seoul #dessert,Hankooktasty,2025-07-21,52,shortform,29965648,481055,3908
2025,UqRfAhmHyUw,Fake Shoe Cleaner Scam Beautiful Lady 😯😘 ( New Korean Hindi Stories 😍 ) #doonakdrama #movie #drama,Sudha L Stories,2025-08-21,60,shortform,32014257,322985,196
2025,cqwGgwgVRiQ,North Korean phones are INSANE 😭,John Casterline,2025-06-02,38,shortform,31616309,1110953,7331
2025,GTas11yCROE,200 Korean Chicken Wing Challenge! #foodchallenge,Zermatt Neo,2025-11-25,60,shortform,26297545,925190,4693
2025,gp_DhfrjyTQ,Lonely lonely Korean wr verison #countryballs #edit #memes #meme #shorts,Keysha_cbindo,2025-09-14,20,shortform,31681542,237963,7157
2025,TneosAzs3L4,❤️A Super Star Celebrity Boy Came To Her School Later She Find Out He Stay In Her House Then She..❤️,K-dramamixhindi,2025-07-24,1011,longform,15661241,114482,2161
2025,uDs_rhyT-HM,Most Handsome Korean Boy Edit 💜”#koreanboy#handsome#kpop #viralshorts #foryou #trending#koreanedit,Silent Origins ,2025-09-12,15,shortform,30363742,395331,15346
2025,Ufmu1WD2TSk,SOUTH KOREA IS OVER,Kurzgesagt – In a Nutshell,2025-04-02,887,longform,15363985,501548,76835
2025,Y5exrSl17iE,i tried to keep my edits organized #korea @GIRLSGENERATION,강지안 JIANNE,2025-10-13,49,shortform,26844585,468738,2973
2025,Q629BEAso7o,the power of BTS 🔥| keep supporting |#bts  #korea #kpop  #trending  #shorts,bts4u_7,2025-07-05,15,shortform,32545782,863618,2527
2026,bgUb436TZeE,How Korea Eats Buldak vs USA 🔥🍜,Mr. Ploof,2026-01-28,35,shortform,84666997,526326,357
2026,YSa-UD0RmwM,-35 °C in just shorts… and Korean TV!,The Slavic Iceman,2026-02-09,25,shortform,50016639,1116848,7248
2026,nDg0VexToLI,Japan vs Korea : Rice bowl,Hahn Scroll,2026-03-08,58,shortform,48541964,1543258,13739
2026,VO2suoZIbZ4,How Korea Eats Buldak vs USA 😅,Mr. Ploof,2026-02-17,38,shortform,40705438,353197,346
2026,HRxpuNwqpyg,Order vs Expression — North Korea & New Zealand Parliaments,mAd miNds,2026-01-14,22,shortform,51333623,565522,6653
2026,n20k7GPEVL4,USA vs. KOREA Buldak Ramen💀💀 with @spizee,IamfromKorea,2026-03-19,40,shortform,39338951,482208,2204
2026,QqFgpNqdqEs,Don’t try this Korean lip tutorial 😭,Kateryna ,2026-04-02,39,shortform,28972336,339440,605
2026,kiJW76YBnPE,Diabetes day in Korea🇰🇷 #dessert #mukbang #seoul #korea #korean,Hankooktasty,2026-02-03,53,shortform,25657966,486280,2355
2026,QmHhGkRpf94,🇰🇷 What i ate for meals in Korea Part 800 #Korea #KoreanFood #mukbang #Shorts #foodie #yummy #lunch,Local kitchen LOKI,2026-04-24,157,shortform,24131273,384220,3206
2026,BOKqN8qtECQ,🌶️Buldak + 🍜korean ramyeon : 1 Second vs 100 Hour,Romi Mukbang,2026-04-18,66,longform,17194759,312820,1265
2026,ZXNXxDjfCy0,Dessert day in Korea🇰🇷 #dessert #mukbang #korean #korea #foodie #yummy #seoul #food #cake,Hankooktasty,2026-01-08,51,shortform,16192866,288644,1135
2026,gaVxUkKGh_o,KOREA SURPRISES 😎 #countryhumans,StateHuman,2026-03-25,17,shortform,24669589,287617,1630
2026,oWGSJ5M7NEk,paying $250 to get roasted professionally in Korea 🤡 | Korean body analysis personal color #kbeauty,Mona 🫶,2026-03-03,33,shortform,20784688,465974,1540
2026,7YFgU65Vo_0,Rumi and Mira are fighting over a golden vase!#kpopdemonhunters #kpop  #korea #funny,Magicvideo,2026-01-30,56,shortform,21295045,631512,2083
2026,XTHrCv4h6yQ,Deepest Swimming Pool In The World | South Korea Swimming pool | #shorts #swimmingpool,Aj Smart Facts ,2026-02-15,40,shortform,18588085,155889,143
2026,KTtkja1Ce9A,Local lunch in Korea🇰🇷 #mukbang #korean #korea #seoul #foodie #yummy,Hankooktasty,2026-02-06,51,shortform,12431904,227234,972
2026,X7pRpyaznD8,How North Korea Teaches Math,HOME ROOM SHOW,2026-03-10,63,longform,17718194,454871,4345
2026,aZyD6EPl6KU,[LIVE] 대한민국 24시간 뉴스채널 YTN, YTN,2026-03-20,0,shortform,8803817,9657,0
2026,9T1C8WENceI,Brazil vs South Korea World Cup 2026 Penalty Shootout,UNREAL0.5,2026-03-24,60,shortform,17301830,184444,1265
2026,GH9lBPAcYmc,Kim's daughter 💀 #korea,Lord Politics,2026-02-05,19,shortform,16679099,334105,4424
2026,AaV4LNt1x9w,3 things in korea that don’t exist elsewhere 🤫🇰🇷,Hangukii,2026-01-14,32,shortform,14552905,261647,1153
2026,u9B-rDWa60o,🇰🇷Korean BBQ Chicken with Global Sauces🇮🇳🇺🇸🇯🇵🇹🇭,Romi Mukbang,2026-04-28,65,longform,9742256,222678,2445
2026,UUAUkaDfqlQ,What does Rumi want? 💍👰‍♀️ #korea #funny #kpop,SparkTales,2026-03-03,35,shortform,14189545,131078,805
2026,2hQMuWwdGPI,India 🇮🇳 VS Korea 🇰🇷⁉️ #ASMR #RAMEN,Ramon,2026-03-30,29,shortform,12899836,156050,2257
2026,ykTzD9M7Ctk,"Kamsahamnida Lyrical - Korean Kanakaraju | Varun Tej, Ritika | Merlapaka | Thaman S | Sid Sriram",T-Series Telugu,2026-04-11,210,longform,13474446,113741,2810
2026,7uQteBHlKP0,This Magician Walked Into North Korea… And Made The Guards Laugh 😳❤️,MotivationSeedz,2026-03-28,58,shortform,11403467,227017,1491
2026,B00KFL3bLA4,This is how they make sugar-free candy in South Korea 🇰🇷,Digital Brain,2026-03-17,85,longform,8529111,287296,2793
2026,ZybB6u4KrsI,How to ask for things in Korean❤️ pt.2,Hansberrry 한스베리,2026-03-26,16,shortform,12669439,218374,4448
2026,AiPTRKkFpmU,Eating GIANT Foods from a Korean Convenient Store 😋 @Koreanosh,Spizee,2026-03-11,47,shortform,12483630,120539,2359
2026,SbNLvpSuzRc,Lunch of ordinary office workers in Korea🇰🇷 #mukbang #korean #korea #foodie #yummy #food,Hankooktasty,2026-01-31,51,shortform,8503090,146452,454
2026,WofgNIM1O18,백점포차 에이스와 예쁜 알바 시급 차이 #snl코리아,야그쟁이,2026-04-28,57,shortform,12166811,91071,1879
2026,yXdzKqhEA9M,Why Otto Warmbier Didn't Survive North Korea,fern,2026-01-11,2240,longform,5830373,124776,21626
2026,9-35uv_cZes,Drafting the Ultimate Korean Convenience Store Combo w/ @iamfromkorea @JoshSlavin @Koreanosh,ARTYTIME,2026-04-18,74,longform,9476462,341759,877
2026,eOS5oVUa000,Unique things to do in Korea 🇰🇷 #11,Baochi Travel,2026-03-24,42,shortform,11564025,192991,405
2026,tEqlJTmYrKY,Trying Jungkook's Favorite Korean ICE CREAM,Wanderers Hub Shorts,2026-01-14,31,shortform,10372739,158278,194
2026,145aZMk_pg0,North Korea’s New Leader 🤔🇰🇵,John Casterline,2026-02-14,33,shortform,10748177,450524,5822
2026,lfcJJ3iqyj8,The Only Way To Escape North Korea,Top 10s Shorts,2026-03-25,131,longform,9477957,395293,1671
2026,D0njjjrJ_Qo,3 Game-Changing Innovations I Found in Korea! 🇰🇷✨,Bubbles in Korea,2026-04-28,46,shortform,9048360,141193,547
2026,DA7x3PobQ0U,Helados más virales de Corea del Sur #coreadelsur #corea #helados #dulces,JC NANOO,2026-04-30,137,longform,7190757,251907,2358
2026,8QmiluyVGSg,What I Ate for Lunch at a High School in Korea Part 41 🇰🇷🏫 #korea #southkorea #seoul #koreanfood,Gaezari 게자리,2026-04-17,39,shortform,9041458,186628,885
2026,pPpEq5yi1O0,🇰🇷Vs 🇮🇳 with @kashish #jooshica #makeup #korean #indian,Jooshica,2026-02-03,102,longform,7682080,361559,4224
2026,i3EP_4VY8BI,Office lunch in Korea🇰🇷 #mukbang #korean #koreanfood #foodie #yummy #food #seoul,Hankooktasty,2026-03-01,51,shortform,7507822,179995,869
2026,XSSUh_si5k0,"""Bro too real😂😂😂#foryou #fyp#nocopyrightinfringementintended #korea #southkorea #discopangpang.",MFT - My Football Top,2026-03-31,34,shortform,8907587,108334,224
2026,mYw-X1D7kFI,North Korea scam exposed 😭🇰🇵,John Casterline,2026-04-08,52,shortform,9233777,486261,3702
2026,BVyz2jwOIr8,Top Mind-Blowing Facts About South Korea 😱 PART - 2,FactAisle हिंदी,2026-01-16,51,shortform,8167820,192912,246
2026,GO5jASscdds,Office lunch in Korea🇰🇷 #mukbang #seoul #korean #korea #foodie #yummy #koreanfood,Hankooktasty,2026-03-05,51,shortform,8896204,152893,437
2026,BEkoOwhQiDg,해외에서 한국뽕을 느껴버린 외국인ㅋㅋ,미제 조셉,2026-01-06,48,shortform,10063460,148896,5838
2026,gXVxLTMM7kk,The Asian Country with Less Tourism than North Korea!!,Best Ever Food Review Show,2026-03-20,2259,longform,4820584,48621,3785
2026,yF_fezSoDIk,외국학생들이 생각하는 한국유학생들의 특징,요건 인정이지,2026-02-01,77,longform,9466395,113882,1259
2026,VvDkrAlPe9Q,Usus berlemak panggang khas Korea ini sangat diminati,Kepo Is Curious!,2026-04-09,39,shortform,5980953,142592,524
